artist_id,album_id,,
1,1,,
2,2,,
3,3,,
4,4,,
5,5,,
6,6,,
7,7,,
8,8,,
9,9,,
10,10,,
11,11,,
12,12,,
13,13,,
14,14,,
15,15,,
16,16,,
17,17,,
18,18,,
19,19,,
20,20,,
21,21,,
22,22,,
23,23,,
24,24,,
25,25,,
26,26,,
27,27,,
28,28,,
29,29,,
30,30,,
31,31,,
32,32,,
33,33,,
34,34,,
35,35,,
36,36,,
37,37,,
38,38,,
39,39,,
40,40,,
41,41,,
42,42,,
43,43,,
44,44,,
45,45,,
46,46,,
47,47,,
48,48,,
49,49,,
50,50,,
51,51,,
52,52,,
53,53,,
54,54,,
55,55,,
56,56,,
57,57,,
58,58,,
59,59,,
60,60,,
61,61,,
62,62,,
63,63,,
64,64,,
65,65,,
66,66,,
67,67,,
68,68,,
69,69,,
70,70,,
71,71,,
72,72,,
73,73,,
74,74,,
75,75,,
76,76,,
77,77,,
78,78,,
79,79,,
80,80,,
81,81,,
82,82,,
83,83,,
84,84,,
85,85,,
86,86,,
87,87,,
88,88,,
89,89,,
90,90,,
91,91,,
92,92,,
93,93,,
94,94,,
95,95,,
96,96,,
97,97,,
98,98,,
99,99,,
100,100,,
101,101,,
102,102,,
103,103,,
104,104,,
105,105,,
106,106,,
107,107,,
108,108,,
109,109,,
110,110,,
111,111,,
112,112,,
113,113,,
114,114,,
115,115,,
116,116,,
117,117,,
118,118,,
119,119,,
120,120,,
121,121,,
122,122,,
123,123,,
124,79,,
125,124,,
126,125,,
127,126,,
128,127,,
129,128,,
130,129,,
131,130,,
132,131,,
133,132,,
134,133,,
135,134,,
136,135,,
137,136,,
138,137,,
139,138,,
140,139,,
141,140,,
142,141,,
143,142,,
144,143,,
145,144,,
146,145,,
147,146,,
148,147,,
149,148,,
150,149,,
151,150,,
152,151,,
153,152,,
154,153,,
155,154,,
156,155,,
157,156,,
158,157,,
159,158,,
160,159,,
161,160,,
162,161,,
163,162,,
164,163,,
165,164,,
166,165,,
167,166,,
168,167,,
169,168,,
170,169,,
171,170,,
172,171,,
173,172,,
174,173,,
175,174,,
176,175,,
177,176,,
178,177,,
179,178,,
180,179,,
181,79,,
182,180,,
183,181,,
184,182,,
185,183,,
186,184,,
187,185,,
188,186,,
189,187,,
190,188,,
191,189,,
192,190,,
193,191,,
194,192,,
195,193,,
196,194,,
197,195,,
198,196,,
199,197,,
200,198,,
201,199,,
202,200,,
203,201,,
204,202,,
205,203,,
206,204,,
207,205,,
208,206,,
209,207,,
210,208,,
211,209,,
212,210,,
213,211,,
214,212,,
215,213,,
216,214,,
217,215,,
218,216,,
219,217,,
220,218,,
221,219,,
222,220,,
223,221,,
224,222,,
1,223,,
2,224,,
3,225,,
5,226,,
4,227,,
9,228,,
11,229,,
12,230,,
15,231,,
14,232,,
17,233,,
19,234,,
20,235,,
25,236,,
21,227,,
26,237,,
28,238,,
30,239,,
32,240,,
36,241,,
40,242,,
41,243,,
42,244,,
43,245,,
45,246,,
46,79,,
47,247,,
48,248,,
49,249,,
50,250,,
51,251,,
52,252,,
53,253,,
56,254,,
57,255,,
58,256,,
61,257,,
62,258,,
64,259,,
65,260,,
66,261,,
67,262,,
70,263,,
71,264,,
74,265,,
75,266,,
76,267,,
77,268,,
78,269,,
81,270,,
82,271,,
83,272,,
84,273,,
85,274,,
86,275,,
89,276,,
90,277,,
91,278,,
93,279,,
98,132,,
100,280,,
102,281,,
104,282,,
106,283,,
107,284,,
108,285,,
110,286,,
111,287,,
112,288,,
113,289,,
114,290,,
116,291,,
119,198,,
121,292,,
120,293,,
123,294,,
125,295,,
126,296,,
128,297,,
129,298,,
130,299,,
131,300,,
132,301,,
133,302,,
135,303,,
137,304,,
140,305,,
142,306,,
143,307,,
145,308,,
146,309,,
148,310,,
149,311,,
151,312,,
152,313,,
153,314,,
2,315,,
6,316,,
4,317,,
8,318,,
9,319,,
13,320,,
15,321,,
14,322,,
17,323,,
16,324,,
19,79,,
18,325,,
20,326,,
22,327,,
25,328,,
27,329,,
26,227,,
30,330,,
29,331,,
31,332,,
34,333,,
35,334,,
33,335,,
42,336,,
43,337,,
44,338,,
47,339,,
48,340,,
49,341,,
51,342,,
52,343,,
54,344,,
55,345,,
56,346,,
58,347,,
62,348,,
66,349,,
67,350,,
68,325,,
70,351,,
76,352,,
225,353,,
226,354,,
227,355,,
88,356,,
228,357,,
21,358,,
88,359,,
33,360,,
101,361,,
229,362,,
146,363,,
53,364,,
88,365,,
230,366,,
231,367,,
18,368,,
88,369,,
53,370,,
232,371,,
88,372,,
233,373,,
88,374,,
232,375,,
6,376,,
234,377,,
235,378,,
236,379,,
18,380,,
237,381,,
7,382,,
95,383,,
238,384,,
1,385,,
20,386,,
62,386,,
42,387,,
239,388,,
28,389,,
12,390,,
14,386,,
240,391,,
241,392,,
242,393,,
52,394,,
243,395,,
80,396,,
244,397,,
22,398,,
93,399,,
245,400,,
45,401,,
246,402,,
247,403,,
70,404,,
60,405,,
63,406,,
248,407,,
188,408,,
249,409,,
250,410,,
92,411,,
87,412,,
113,413,,
194,414,,
240,415,,
251,416,,
122,417,,
18,418,,
56,419,,
5,420,,
88,421,,
1,422,,
53,423,,
252,424,,
253,425,,
254,426,,
252,427,,
255,428,,
14,429,,
232,430,,
256,431,,
257,432,,
258,433,,
259,434,,
260,435,,
261,436,,
14,258,,
262,437,,
263,438,,
264,439,,
265,440,,
266,441,,
162,442,,
241,443,,
261,444,,
14,445,,
267,446,,
249,447,,
113,448,,
268,449,,
194,450,,
162,451,,
269,452,,
270,453,,
271,454,,
272,455,,
149,456,,
113,457,,
241,458,,
273,459,,
274,460,,
235,461,,
88,462,,
275,463,,
276,464,,
29,465,,
277,466,,
232,467,,
34,468,,
146,469,,
278,470,,
7,471,,
279,472,,
228,473,,
203,474,,
280,475,,
88,476,,
281,477,,
29,478,,
232,479,,
282,480,,
101,481,,
283,482,,
33,483,,
284,484,,
88,485,,
285,486,,
286,487,,
287,488,,
288,489,,
289,490,,
290,491,,
136,492,,
291,493,,
292,494,,
293,495,,
294,496,,
295,497,,
296,498,,
297,499,,
298,500,,
299,501,,
300,502,,
301,503,,
288,494,,
302,504,,
303,505,,
295,506,,
297,507,,
304,508,,
305,509,,
306,510,,
307,511,,
308,512,,
295,513,,
101,514,,
309,515,,
310,516,,
311,517,,
312,518,,
313,519,,
314,520,,
315,521,,
316,522,,
317,523,,
318,524,,
319,525,,
136,526,,
320,527,,
286,528,,
321,529,,
322,530,,
323,531,,
324,532,,
325,533,,
326,534,,
327,535,,
328,536,,
322,537,,
329,538,,
330,539,,
331,540,,
142,541,,
332,542,,
285,543,,
333,544,,
334,545,,
335,546,,
336,547,,
298,548,,
337,549,,
338,550,,
339,551,,
101,552,,
286,553,,
340,554,,
341,555,,
275,556,,
342,557,,
275,558,,
343,559,,
53,560,,
344,561,,
345,562,,
346,563,,
33,564,,
347,565,,
348,566,,
296,567,,
349,568,,
350,569,,
347,570,,
351,571,,
10,572,,
352,573,,
353,574,,
354,575,,
53,576,,
355,577,,
10,578,,
356,579,,
25,580,,
71,581,,
357,582,,
358,583,,
357,584,,
53,585,,
359,586,,
170,587,,
360,588,,
361,589,,
362,590,,
363,591,,
364,592,,
53,593,,
365,594,,
366,595,,
367,596,,
368,597,,
369,598,,
370,599,,
371,600,,
372,601,,
373,602,,
317,603,,
374,604,,
375,605,,
376,606,,
377,607,,
231,608,,
378,609,,
379,610,,
202,611,,
380,612,,
182,613,,
381,614,,
382,615,,
383,616,,
210,617,,
384,618,,
385,619,,
386,620,,
132,621,,
387,622,,
388,623,,
389,624,,
390,625,,
391,626,,
324,627,,
104,628,,
169,629,,
392,630,,
91,631,,
315,632,,
393,633,,
394,634,,
395,635,,
344,636,,
396,637,,
152,638,,
397,639,,
398,640,,
328,641,,
399,642,,
400,643,,
401,362,,
402,644,,
403,645,,
404,646,,
405,647,,
406,648,,
407,649,,
144,650,,
408,651,,
409,652,,
410,653,,
411,654,,
412,655,,
413,656,,
414,657,,
285,658,,
351,659,,
415,660,,
416,661,,
417,662,,
418,663,,
291,664,,
419,665,,
344,666,,
291,667,,
314,668,,
344,669,,
276,670,,
231,671,,
101,672,,
296,673,,
67,674,,
104,675,,
276,676,,
375,677,,
328,678,,
420,679,,
317,680,,
104,681,,
421,682,,
365,683,,
62,684,,
422,685,,
391,686,,
423,687,,
365,688,,
424,689,,
425,690,,
426,691,,
423,692,,
427,693,,
314,694,,
104,695,,
88,696,,
410,697,,
33,698,,
53,699,,
423,700,,
89,701,,
428,702,,
235,703,,
233,704,,
429,705,,
21,706,,
430,707,,
233,708,,
431,709,,
351,710,,
3,711,,
235,712,,
62,713,,
18,714,,
432,715,,
282,716,,
433,717,,
86,718,,
24,719,,
68,720,,
434,721,,
417,722,,
435,723,,
199,724,,
68,725,,
236,726,,
436,727,,
27,728,,
14,729,,
437,730,,
376,731,,
24,732,,
343,733,,
438,734,,
14,735,,
88,736,,
236,737,,
26,738,,
282,739,,
9,740,,
29,741,,
33,742,,
21,743,,
120,744,,
432,745,,
9,746,,
439,747,,
2,748,,
417,708,,
12,749,,
440,750,,
417,751,,
441,752,,
437,753,,
442,724,,
443,754,,
2,755,,
444,756,,
445,757,,
35,758,,
21,759,,
446,756,,
447,760,,
448,756,,
444,761,,
236,762,,
449,763,,
450,764,,
28,765,,
15,766,,
21,767,,
451,768,,
233,769,,
33,770,,
6,715,,
228,771,,
452,772,,
11,773,,
34,774,,
29,775,,
228,776,,
234,777,,
26,778,,
164,779,,
351,780,,
445,781,,
6,782,,
119,783,,
2,352,,
27,784,,
445,785,,
22,786,,
88,787,,
1,788,,
453,789,,
454,790,,
455,791,,
456,792,,
457,793,,
458,794,,
459,795,,
460,796,,
461,797,,
462,798,,
463,799,,
464,800,,
465,801,,
466,802,,
467,803,,
468,804,,
469,805,,
470,806,,
471,807,,
472,808,,
473,809,,
474,810,,
475,811,,
476,812,,
477,813,,
478,814,,
479,815,,
480,816,,
481,817,,
482,818,,
483,819,,
484,820,,
485,821,,
486,822,,
487,823,,
488,824,,
489,825,,
490,826,,
491,827,,
492,828,,
493,829,,
494,830,,
495,831,,
496,832,,
497,833,,
498,834,,
499,835,,
500,836,,
501,837,,
502,838,,
503,839,,
504,840,,
505,841,,
506,842,,
507,843,,
508,844,,
509,845,,
510,846,,
511,847,,
512,848,,
513,849,,
514,850,,
515,851,,
516,852,,
517,853,,
518,854,,
519,855,,
520,856,,
521,857,,
522,858,,
523,859,,
524,860,,
525,861,,
517,862,,
526,863,,
527,864,,
528,865,,
529,866,,
530,867,,
531,868,,
532,869,,
533,870,,
534,871,,
535,872,,
536,873,,
537,874,,
538,875,,
539,876,,
540,877,,
541,878,,
542,879,,
543,880,,
544,881,,
545,882,,
546,883,,
547,884,,
548,885,,
549,886,,
550,887,,
551,888,,
552,889,,
553,890,,
554,891,,
555,892,,
556,893,,
557,894,,
558,895,,
559,896,,
560,897,,
540,898,,
561,899,,
562,900,,
563,901,,
564,902,,
565,903,,
566,904,,
567,905,,
568,906,,
569,907,,
556,908,,
570,909,,
571,910,,
572,911,,
573,912,,
574,913,,
575,914,,
576,915,,
577,916,,
578,917,,
579,918,,
580,919,,
581,920,,
582,921,,
583,922,,
584,923,,
585,924,,
586,925,,
587,926,,
588,927,,
589,928,,
590,929,,
591,930,,
592,931,,
593,932,,
594,933,,
595,934,,
596,935,,
597,936,,
598,937,,
599,938,,
600,939,,
535,940,,
601,941,,
602,942,,
603,943,,
604,944,,
605,945,,
606,946,,
607,947,,
608,948,,
609,949,,
610,950,,
535,914,,
611,951,,
612,952,,
613,953,,
614,954,,
615,955,,
616,956,,
617,957,,
618,958,,
619,959,,
620,960,,
621,961,,
622,962,,
623,963,,
624,964,,
625,625,,
626,957,,
627,965,,
628,966,,
629,967,,
630,968,,
528,969,,
631,970,,
632,971,,
633,972,,
634,973,,
635,974,,
636,975,,
637,976,,
638,977,,
639,978,,
640,979,,
641,980,,
642,981,,
643,982,,
644,983,,
638,984,,
645,985,,
646,986,,
647,987,,
648,988,,
593,989,,
649,990,,
650,991,,
651,992,,
652,993,,
453,994,,
456,995,,
454,996,,
457,997,,
455,998,,
459,999,,
460,1000,,
461,1001,,
458,1002,,
462,1003,,
463,1004,,
464,1005,,
465,1006,,
466,1007,,
467,1008,,
470,1009,,
468,1010,,
469,1011,,
471,1012,,
473,1013,,
474,1014,,
475,1015,,
476,1016,,
478,1017,,
477,1018,,
480,1019,,
479,1020,,
481,1021,,
483,1022,,
485,1023,,
484,1024,,
486,1025,,
487,1026,,
489,1027,,
488,1028,,
490,1029,,
491,1030,,
492,1031,,
493,1032,,
495,1033,,
494,982,,
496,1034,,
497,1035,,
498,1036,,
500,1037,,
501,1038,,
502,1039,,
503,1040,,
504,1041,,
505,1042,,
506,1043,,
507,1044,,
508,1045,,
510,1046,,
511,1047,,
512,1048,,
509,1049,,
513,1050,,
514,1051,,
515,1052,,
653,1053,,
516,1054,,
518,1055,,
519,1056,,
520,1057,,
521,1058,,
522,1059,,
523,1060,,
524,1061,,
525,1062,,
517,1063,,
602,1064,,
589,1065,,
527,1066,,
529,1067,,
530,1068,,
531,1069,,
532,1070,,
533,1071,,
534,1072,,
538,1073,,
539,1074,,
654,971,,
541,1075,,
542,1076,,
543,1077,,
544,1078,,
545,1079,,
546,1080,,
547,1081,,
548,1082,,
549,1083,,
551,1084,,
552,1085,,
550,1086,,
553,1087,,
554,1088,,
655,1089,,
557,1090,,
558,1091,,
656,1092,,
589,1093,,
561,1094,,
562,1095,,
540,1096,,
638,1097,,
564,1098,,
566,1099,,
567,1100,,
568,1101,,
657,1102,,
556,1103,,
570,1104,,
571,1105,,
572,1106,,
573,1107,,
574,1108,,
575,1109,,
576,1110,,
577,1111,,
578,1112,,
579,1113,,
658,1114,,
581,1115,,
582,1116,,
583,1117,,
586,1118,,
638,1119,,
588,1120,,
659,1121,,
453,1122,,
456,1123,,
454,827,,
455,1124,,
457,1125,,
459,1126,,
460,1127,,
458,1128,,
461,1129,,
462,1130,,
463,1131,,
464,1132,,
465,1133,,
466,1134,,
467,1135,,
470,1136,,
468,1137,,
469,1138,,
472,1139,,
471,1140,,
473,1141,,
474,1142,,
476,1143,,
478,1144,,
477,1145,,
480,931,,
479,1146,,
481,1147,,
483,1148,,
485,1149,,
486,1150,,
487,1151,,
489,1152,,
488,1153,,
490,1154,,
491,1155,,
492,1156,,
493,1157,,
495,1158,,
494,1159,,
496,1160,,
497,1161,,
500,1162,,
498,1163,,
501,1164,,
502,1165,,
503,1166,,
506,1167,,
505,1168,,
507,1169,,
508,1170,,
510,1171,,
512,1172,,
509,1173,,
513,1174,,
514,1175,,
515,1176,,
516,1177,,
518,1178,,
519,1179,,
520,1180,,
521,1181,,
522,1182,,
453,1183,,
453,1184,,
458,1185,,
540,1029,,
509,1186,,
496,1095,,
485,1187,,
463,1188,,
489,1189,,
527,1190,,
660,1191,,
661,1192,,
517,1193,,
478,1194,,
466,1195,,
484,1196,,
524,1010,,
593,1197,,
468,1198,,
616,1199,,
662,1200,,
470,1201,,
463,1202,,
484,1203,,
453,1204,,
662,1205,,
462,1206,,
663,1207,,
494,1208,,
508,1209,,
640,1210,,
484,1211,,
524,1212,,
458,1213,,
661,1214,,
453,1215,,
455,1216,,
494,1217,,
453,1218,,
459,1219,,
664,1220,,
665,1221,,
489,1222,,
459,1223,,
666,1224,,
667,1225,,
469,1226,,
466,1227,,
668,1228,,
459,1229,,
475,1230,,
458,1231,,
457,1232,,
477,1233,,
466,1234,,
460,1235,,
524,1236,,
468,1237,,
516,1238,,
669,1239,,
670,1240,,
458,1241,,
455,1242,,
468,1243,,
524,1244,,
671,1245,,
453,1246,,
672,1247,,
496,1248,,
469,1249,,
673,1208,,
559,1250,,
482,1251,,
524,1252,,
674,1253,,
454,1254,,
461,1255,,
538,1256,,
485,1257,,
454,1258,,
466,1259,,
653,1260,,
675,1261,,
651,1262,,
456,1263,,
676,1264,,
473,1265,,
465,1266,,
457,1267,,
509,1268,,
453,1269,,
463,1270,,
456,1271,,
462,1272,,
677,1273,,
551,1274,,
464,1275,,
479,1276,,
589,1277,,
678,1278,,
679,1279,,
680,1280,,
580,1154,,
505,1281,,
681,1282,,
516,1283,,
471,1284,,
466,1285,,
682,1154,,
455,1286,,
683,1287,,
600,1288,,
548,1283,,
505,1289,,
468,1290,,
684,1291,,
498,1283,,
516,1292,,
453,1293,,
524,1294,,
523,1295,,
685,1283,,
468,1296,,
686,1297,,
453,1298,,
500,1283,,
685,1299,,
471,1300,,
457,1283,,
503,1301,,
532,1302,,
687,1303,,
523,1283,,
453,1304,,
688,1305,,
689,1306,,
462,1307,,
690,1308,,
466,1309,,
691,1310,,
458,1311,,
453,1312,,
456,1313,,
692,1314,,
693,1315,,
456,1316,,
524,1317,,
457,1318,,
458,1319,,
453,1320,,
471,1321,,
471,1322,,
466,1323,,
471,1324,,
471,1325,,
456,1326,,
453,1327,,
466,1328,,
456,1329,,
458,1330,,
694,1331,,
482,1332,,
695,1333,,
464,1334,,
455,1335,,
465,1336,,
602,1337,,
469,1338,,
453,1339,,
477,1340,,
524,1341,,
473,1342,,
514,1343,,
488,1344,,
488,1345,,
483,999,,
459,1346,,
517,1347,,
494,1348,,
459,1349,,
601,1350,,
527,1351,,
696,1352,,
519,1353,,
517,1354,,
468,1355,,
524,1356,,
466,1357,,
485,1196,,
477,1358,,
697,1359,,
698,1360,,
453,1361,,
699,1362,,
524,1363,,
498,1364,,
700,1365,,
651,1366,,
471,1367,,
701,1368,,
486,1369,,
462,1370,,
589,1371,,
700,1372,,
471,1373,,
702,1374,,
591,1375,,
468,1376,,
484,1377,,
703,1378,,
498,1379,,
457,1380,,
459,1381,,
463,1382,,
489,1383,,
462,1384,,
651,1385,,
704,1386,,
705,1387,,
454,1388,,
509,1389,,
706,1390,,
707,1391,,
468,1392,,
708,1393,,
466,1394,,
496,1395,,
468,1396,,
454,1397,,
709,1398,,
458,1399,,
540,1400,,
651,1401,,
580,1196,,
710,1402,,
453,1403,,
455,1404,,
486,1405,,
711,1406,,
462,1407,,
453,1408,,
466,1409,,
498,1410,,
712,1411,,
661,1412,,
713,1413,,
714,1414,,
462,1415,,
484,1095,,
580,1184,,
463,1416,,
461,1417,,
708,1418,,
514,1419,,
715,1420,,
716,1421,,
462,1422,,
493,1423,,
549,1424,,
717,1425,,
718,1426,,
719,1427,,
514,1428,,
470,1429,,
720,1430,,
721,1431,,
722,1432,,
700,1433,,
644,1434,,
723,1435,,
453,1436,,
719,1437,,
724,1438,,
725,1439,,
726,1440,,
727,1441,,
551,1442,,
453,1443,,
719,1444,,
455,1445,,
728,1446,,
498,1447,,
675,1448,,
620,1449,,
729,1450,,
462,1451,,
459,1452,,
458,1453,,
466,1454,,
640,1455,,
473,1456,,
730,1457,,
471,1458,,
461,1459,,
731,1460,,
453,1461,,
732,1462,,
465,1463,,
498,1464,,
733,1465,,
458,1466,,
463,1467,,
471,1468,,
734,1469,,
461,1470,,
462,1471,,
735,1472,,
466,1473,,
494,1474,,
665,1475,,
736,1476,,
502,1477,,
524,1478,,
638,1479,,
466,1480,,
737,1481,,
738,1482,,
532,1483,,
739,1484,,
552,1485,,
740,1486,,
741,1487,,
580,1488,,
742,1489,,
743,1490,,
744,1491,,
745,1492,,
462,1493,,
746,1494,,
489,1495,,
747,1496,,
748,1497,,
453,1498,,
749,1499,,
750,1500,,
751,1501,,
752,1502,,
566,1503,,
753,1504,,
754,1505,,
755,1506,,
756,1507,,
757,1508,,
758,1509,,
759,1510,,
453,1511,,
513,1512,,
524,1513,,
760,1512,,
500,1512,,
500,1514,,
761,1515,,
480,1516,,
478,1517,,
762,1518,,
527,1519,,
507,1520,,
506,1521,,
500,1522,,
457,1523,,
516,1524,,
502,1525,,
505,1523,,
478,1526,,
527,1527,,
535,1528,,
457,1512,,
763,1529,,
519,1530,,
477,1531,,
500,1532,,
454,1533,,
453,1534,,
551,1535,,
454,1536,,
764,1537,,
471,1538,,
765,1539,,
490,1540,,
453,1541,,
567,1542,,
766,1543,,
767,1544,,
538,1545,,
491,1546,,
768,1547,,
471,1548,,
567,1549,,
769,1550,,
770,1551,,
471,1552,,
771,1553,,
454,1554,,
453,1555,,
772,1556,,
510,1557,,
453,1558,,
522,1559,,
773,1560,,
454,1561,,
538,1562,,
767,1563,,
454,1564,,
773,1565,,
774,1566,,
577,1567,,
453,1026,,
453,1568,,
462,1569,,
453,1570,,
484,1571,,
489,1572,,
485,1573,,
509,1365,,
461,1574,,
517,1575,,
455,1576,,
484,1577,,
457,1578,,
462,1579,,
468,1580,,
489,1581,,
517,1582,,
468,1583,,
465,1584,,
453,1585,,
494,1586,,
498,1587,,
775,1588,,
466,1589,,
483,1590,,
776,1591,,
496,1592,,
777,1593,,
736,1594,,
462,1290,,
458,1595,,
457,1596,,
591,1392,,
466,1597,,
477,1598,,
489,1599,,
462,1600,,
589,1601,,
494,1602,,
453,1603,,
484,1604,,
460,1605,,
455,1606,,
498,1607,,
517,1608,,
698,1609,,
498,1610,,
719,1611,,
453,1612,,
498,1613,,
720,1614,,
524,1615,,
498,1616,,
466,1617,,
778,1618,,
514,1619,,
483,1620,,
591,1621,,
457,1622,,
461,1623,,
692,1624,,
458,1625,,
462,1184,,
457,1626,,
458,1627,,
466,1628,,
779,1629,,
524,914,,
780,1630,,
464,1631,,
511,1311,,
781,1632,,
466,1633,,
458,1634,,
457,1635,,
480,1512,,
507,1636,,
468,1637,,
462,1638,,
524,1639,,
477,1640,,
463,1641,,
520,1642,,
481,1643,,
782,1644,,
489,1645,,
458,1646,,
455,1647,,
498,1648,,
465,1649,,
477,1650,,
458,1651,,
463,1652,,
455,1653,,
462,1654,,
498,1655,,
457,1656,,
458,1657,,
783,1658,,
784,1659,,
785,1660,,
786,1661,,
787,1662,,
788,1663,,
789,1664,,
790,1665,,
791,1666,,
792,1667,,
793,1668,,
794,1669,,
795,1670,,
796,1671,,
797,1672,,
798,1673,,
799,1674,,
800,1675,,
801,1676,,
802,1677,,
803,1678,,
804,1679,,
805,1680,,
806,1681,,
807,1682,,
808,1683,,
809,1684,,
810,1685,,
811,1686,,
812,1687,,
813,1688,,
814,1689,,
815,1690,,
816,1691,,
817,1692,,
818,1693,,
819,1694,,
820,1695,,
821,1696,,
822,1697,,
823,1698,,
824,1699,,
825,1700,,
826,1701,,
827,1702,,
828,1703,,
829,1704,,
830,1705,,
831,1706,,
832,1707,,
833,1708,,
834,1709,,
835,1710,,
836,1711,,
837,1712,,
838,1713,,
839,1714,,
840,1715,,
841,1716,,
842,1717,,
843,1718,,
844,1719,,
845,1720,,
846,1721,,
847,1722,,
848,1723,,
849,1724,,
850,1725,,
851,1726,,
852,1727,,
853,1728,,
854,1729,,
251,1730,,
855,1731,,
856,1732,,
857,1733,,
858,1734,,
278,1735,,
859,1736,,
860,1737,,
861,1738,,
862,1739,,
863,1740,,
864,1741,,
865,1742,,
866,1743,,
867,1744,,
868,1745,,
869,1746,,
870,1747,,
871,1748,,
872,1749,,
873,1750,,
874,1751,,
875,1752,,
876,1753,,
877,1754,,
878,1755,,
879,1756,,
880,1757,,
881,1758,,
882,1759,,
883,1760,,
884,1761,,
885,1762,,
886,1763,,
887,1764,,
888,1765,,
889,1766,,
890,1767,,
891,1768,,
892,1769,,
893,1770,,
894,1771,,
895,1772,,
896,1773,,
897,1774,,
898,1775,,
899,1776,,
900,1777,,
901,1778,,
902,1779,,
903,1780,,
904,1781,,
905,1782,,
906,1783,,
907,1784,,
908,1785,,
909,1786,,
910,1787,,
911,1788,,
912,1789,,
913,1790,,
914,1791,,
915,1792,,
916,1793,,
917,1794,,
918,1795,,
919,1796,,
920,1797,,
921,1798,,
922,1799,,
923,1800,,
924,1801,,
925,1802,,
926,1803,,
927,1804,,
928,1805,,
929,1806,,
930,1807,,
931,1808,,
932,1809,,
933,1810,,
934,1811,,
935,1812,,
936,1813,,
937,1814,,
938,1815,,
939,1816,,
940,1817,,
941,1818,,
942,1819,,
943,1820,,
944,1821,,
945,1822,,
946,1823,,
947,1824,,
948,1825,,
949,1826,,
950,1827,,
951,1828,,
952,1829,,
953,1830,,
954,1831,,
955,1832,,
956,1833,,
957,1834,,
958,1835,,
959,1836,,
960,1837,,
961,1838,,
962,1839,,
963,1840,,
964,1841,,
965,1842,,
717,1843,,
966,1844,,
967,1845,,
968,1846,,
969,1847,,
970,1848,,
971,1849,,
972,1850,,
973,1851,,
974,1852,,
975,1853,,
976,1854,,
977,1855,,
978,1856,,
979,1857,,
980,1858,,
981,1859,,
982,1860,,
983,1861,,
984,1862,,
985,1863,,
986,1864,,
987,1865,,
988,1866,,
989,1867,,
990,1868,,
991,1869,,
992,1870,,
993,1871,,
994,1872,,
995,1873,,
996,1874,,
997,1875,,
998,1876,,
999,1877,,
1000,1878,,
1001,1879,,
1002,1880,,
1003,1881,,
1004,1882,,
1005,1883,,
1006,1884,,
1007,1885,,
1008,1886,,
1009,1887,,
1010,1888,,
1011,1889,,
1012,1890,,
1013,1891,,
1014,1892,,
1015,1893,,
1016,1894,,
1017,1895,,
1018,1896,,
1019,1897,,
1020,1898,,
1021,1899,,
1022,1900,,
1023,1901,,
1024,1902,,
1025,1903,,
1026,1904,,
1027,1905,,
261,1906,,
1028,1907,,
1029,1908,,
1030,1909,,
1031,1910,,
1032,1911,,
1033,1912,,
1034,1913,,
1035,1914,,
1036,1915,,
783,1916,,
784,1917,,
785,1918,,
786,1919,,
788,1920,,
787,1921,,
789,1922,,
792,1923,,
794,1924,,
793,1925,,
795,1926,,
796,1927,,
797,1928,,
801,1929,,
799,1930,,
802,1931,,
805,1932,,
806,1933,,
807,1934,,
808,1935,,
809,1936,,
810,1937,,
814,1938,,
815,1939,,
816,1940,,
818,1941,,
817,1942,,
820,1943,,
821,1944,,
823,1945,,
824,1946,,
825,1947,,
826,1948,,
827,1949,,
828,1950,,
831,1951,,
832,1952,,
834,1953,,
835,1938,,
838,1954,,
839,1955,,
841,1956,,
842,1957,,
844,1958,,
845,1959,,
846,1960,,
848,1961,,
849,1962,,
850,1963,,
851,1964,,
853,1965,,
854,1966,,
251,1967,,
855,1968,,
857,1969,,
858,1970,,
278,1971,,
859,1972,,
861,1973,,
862,1974,,
863,1975,,
865,1976,,
864,1977,,
866,1978,,
867,1979,,
868,1980,,
869,1981,,
871,1982,,
875,1983,,
877,1984,,
878,1985,,
879,1986,,
880,1987,,
882,1988,,
884,1989,,
886,1990,,
887,1991,,
888,1992,,
889,1993,,
892,1994,,
893,1995,,
894,1996,,
895,1997,,
896,1998,,
898,1999,,
899,2000,,
900,2001,,
902,2002,,
903,2003,,
904,2004,,
906,2005,,
909,2006,,
910,2007,,
911,2008,,
912,2009,,
913,913,,
915,2010,,
917,2011,,
918,2012,,
919,2013,,
920,2014,,
922,2015,,
924,2016,,
923,2017,,
927,2018,,
928,2019,,
929,2020,,
930,2021,,
932,2022,,
933,2023,,
934,2024,,
935,2025,,
936,2026,,
937,2027,,
938,2028,,
940,2029,,
941,2030,,
942,2031,,
943,2032,,
944,2033,,
945,2034,,
946,2035,,
947,2036,,
948,2037,,
949,2038,,
950,2039,,
952,2040,,
953,2041,,
784,2042,,
785,2043,,
786,2044,,
788,2045,,
787,2046,,
789,2047,,
791,2048,,
792,2049,,
796,2050,,
797,2051,,
800,2052,,
801,2053,,
799,2054,,
803,2055,,
804,2056,,
805,2057,,
806,2058,,
807,2059,,
809,2060,,
810,2061,,
812,2062,,
813,2063,,
818,2064,,
819,2065,,
820,2066,,
821,2067,,
824,2068,,
825,2069,,
827,2070,,
828,2071,,
829,2072,,
830,2073,,
831,2074,,
832,2075,,
833,2076,,
834,2077,,
836,2078,,
835,2079,,
837,2080,,
839,2081,,
841,2082,,
842,2083,,
847,2084,,
849,2085,,
850,2086,,
853,2087,,
854,2088,,
251,2089,,
855,2090,,
858,2091,,
278,2092,,
861,2093,,
866,2094,,
1037,2095,,
275,2096,,
1038,2097,,
1039,2098,,
1038,2099,,
1037,2100,,
261,2101,,
283,2102,,
1040,2103,,
1041,2104,,
1037,2105,,
261,2106,,
1037,2107,,
1038,2108,,
261,2109,,
958,2110,,
1038,2111,,
1042,2112,,
283,2113,,
846,2114,,
846,2115,,
1038,2116,,
275,2117,,
890,2118,,
1043,2119,,
1037,2120,,
1044,2121,,
1045,2122,,
1039,2123,,
1046,2124,,
793,2125,,
871,2126,,
818,2127,,
966,2128,,
1047,2129,,
986,2130,,
1041,2131,,
858,2132,,
1046,2133,,
1048,2134,,
887,2135,,
1049,2136,,
958,2137,,
810,2138,,
1040,2139,,
788,2091,,
1050,2140,,
871,2141,,
827,2142,,
1051,2143,,
797,2144,,
900,2145,,
949,2146,,
870,2147,,
923,2148,,
814,2149,,
871,2150,,
793,2151,,
949,2152,,
900,2153,,
792,2154,,
976,2155,,
1052,2156,,
275,2157,,
850,2158,,
1053,2159,,
1054,2160,,
1055,2161,,
1056,2162,,
1057,2163,,
919,2164,,
829,2165,,
1048,2166,,
1058,2167,,
283,2168,,
814,2169,,
827,2170,,
796,2171,,
789,2172,,
801,2173,,
1059,2174,,
815,1857,,
800,2175,,
923,2176,,
1060,2177,,
788,2178,,
900,2179,,
1061,2180,,
1062,2181,,
831,2182,,
786,2183,,
900,2184,,
1063,2185,,
828,2186,,
786,2187,,
803,2188,,
1064,2189,,
814,2190,,
851,2191,,
783,2192,,
1065,2193,,
809,2194,,
784,2195,,
783,2196,,
795,2197,,
1066,2198,,
1067,2199,,
1068,2200,,
1069,2201,,
261,2202,,
1038,2203,,
1038,2204,,
890,1987,,
846,2205,,
1070,2206,,
1071,2207,,
797,2127,,
786,2208,,
810,2209,,
830,2210,,
846,2211,,
1039,2212,,
1041,2213,,
1047,2214,,
1072,2215,,
1038,2216,,
1073,2217,,
1074,2218,,
1041,2219,,
1014,2220,,
1073,2221,,
283,2222,,
232,2223,,
1039,2224,,
874,2225,,
1075,2226,,
1076,2227,,
1037,2228,,
996,2229,,
275,2230,,
1072,2231,,
1077,2232,,
1014,2151,,
1073,2233,,
1038,2234,,
874,2235,,
1078,2236,,
1079,2237,,
1080,2238,,
1081,2239,,
1047,2240,,
1050,2241,,
1082,2242,,
1083,2243,,
1072,2244,,
1041,2245,,
1047,2246,,
949,2247,,
261,2248,,
1038,2249,,
1037,2111,,
949,2250,,
1014,2251,,
1081,2252,,
1047,2253,,
996,2254,,
1084,2255,,
1085,2256,,
1086,2257,,
1039,2258,,
949,2259,,
1041,2260,,
1079,2261,,
1087,2262,,
923,2263,,
1073,2264,,
261,2265,,
1079,2266,,
1078,2267,,
1081,2268,,
1088,2269,,
1085,2270,,
1050,2271,,
1089,2272,,
1090,2273,,
1044,2274,,
874,2275,,
829,2276,,
874,2277,,
788,2278,,
793,2279,,
829,2280,,
887,2281,,
817,2282,,
815,2283,,
839,2284,,
811,2285,,
824,2077,,
846,2286,,
832,2287,,
874,2288,,
1091,2289,,
800,1755,,
846,2251,,
824,2290,,
1092,2291,,
821,2292,,
890,2293,,
1093,2294,,
958,2295,,
828,2296,,
846,2297,,
876,2298,,
788,2299,,
851,2300,,
890,2301,,
828,2302,,
958,2303,,
846,2304,,
792,2305,,
827,2306,,
811,2091,,
890,1947,,
1094,2307,,
789,2308,,
786,2309,,
800,2310,,
846,2311,,
890,2312,,
827,2313,,
958,2314,,
800,2315,,
797,2316,,
1095,2317,,
1041,2318,,
1073,2319,,
1089,2320,,
1096,2321,,
1038,2322,,
1097,2323,,
984,2324,,
874,2325,,
1096,2326,,
890,2327,,
1098,2328,,
1038,2329,,
1050,2330,,
1045,2331,,
988,2332,,
835,2333,,
1099,2334,,
1041,2335,,
1041,2336,,
958,2337,,
923,2338,,
1100,2339,,
1101,2340,,
814,2341,,
832,2342,,
813,2343,,
1102,2344,,
827,2345,,
829,2346,,
799,2347,,
824,2348,,
958,2349,,
829,2350,,
874,2351,,
826,2293,,
846,2352,,
832,2353,,
864,2354,,
840,2355,,
1038,2356,,
1103,2357,,
806,2358,,
275,2359,,
830,2360,,
1104,2361,,
1105,2362,,
1106,2363,,
1107,2364,,
1059,2365,,
929,2366,,
1108,2367,,
1101,2368,,
1109,2369,,
1075,2370,,
275,2371,,
984,2372,,
1110,2373,,
261,2374,,
1083,2375,,
949,2376,,
261,2377,,
806,2378,,
839,2379,,
1042,2380,,
949,2381,,
1109,2382,,
874,2383,,
1111,2384,,
843,2385,,
996,2098,,
1112,2386,,
923,2387,,
1039,2388,,
923,2389,,
958,2390,,
1038,2391,,
283,2392,,
1037,2393,,
923,2394,,
1084,2395,,
850,2396,,
814,2397,,
958,2398,,
835,2399,,
283,2400,,
846,2401,,
999,2402,,
822,2403,,
1090,2404,,
958,2405,,
1038,2406,,
839,2407,,
996,2408,,
829,2409,,
821,2410,,
817,2411,,
1053,2280,,
845,2091,,
1081,2412,,
1113,2413,,
850,2414,,
1114,2415,,
1115,2416,,
1116,2417,,
1117,2418,,
1118,2419,,
1119,2420,,
1120,2421,,
1121,2422,,
1122,2423,,
1123,2424,,
1124,2425,,
1125,2426,,
1126,2427,,
1127,2428,,
1128,2429,,
1129,2430,,
1130,2431,,
1131,2432,,
1132,2433,,
1133,2434,,
1134,2435,,
1135,2436,,
1136,2437,,
1137,2438,,
1138,2439,,
1139,2440,,
1140,2441,,
1141,2442,,
1142,2443,,
1143,2444,,
1144,2445,,
1145,2446,,
1146,2447,,
1147,2448,,
1148,2449,,
1149,2450,,
1150,2451,,
1151,2452,,
1152,2453,,
1153,2454,,
1154,2455,,
1155,2456,,
1156,2457,,
1157,2458,,
1158,1820,,
1159,2459,,
1160,2460,,
1161,2461,,
1162,2462,,
1163,2463,,
1164,2464,,
1165,2465,,
1166,2466,,
1167,2467,,
1168,2468,,
1169,2469,,
1170,2470,,
1171,2471,,
1172,2472,,
1173,2473,,
1174,2474,,
1175,2475,,
1176,2476,,
1177,2477,,
1178,2478,,
1179,2479,,
1180,2480,,
1181,2481,,
1182,2482,,
1183,2483,,
1184,2484,,
1185,2485,,
1186,2486,,
1187,2487,,
1188,2488,,
1189,2489,,
1190,2490,,
1191,2491,,
1192,2492,,
1193,2493,,
1194,2494,,
1195,2495,,
1196,2496,,
1197,2497,,
1198,2498,,
1199,2499,,
1200,2500,,
1201,2501,,
1202,2502,,
1203,2503,,
1204,2504,,
1205,2505,,
1206,2506,,
1207,2507,,
1208,2508,,
1209,2509,,
1210,2510,,
1211,2511,,
1212,2512,,
1213,2513,,
1214,2514,,
1215,2515,,
1216,2516,,
1217,2517,,
1218,2518,,
1219,2519,,
1220,2520,,
1221,2521,,
1222,2522,,
1223,2523,,
1224,2524,,
1225,2525,,
1226,2526,,
1227,2527,,
1228,2528,,
1229,2529,,
1230,2530,,
1231,2531,,
1232,2532,,
1233,2533,,
1234,2534,,
1235,2535,,
1236,1940,,
1237,2536,,
1238,2537,,
1239,2538,,
1240,2539,,
1241,2540,,
1242,2541,,
1243,2542,,
1244,2543,,
1245,2544,,
1246,2545,,
1247,2546,,
1248,2547,,
1249,2548,,
1250,2549,,
1251,2550,,
1252,2551,,
1253,2552,,
1254,2553,,
1255,2554,,
1256,2555,,
1257,2556,,
1258,2557,,
1259,2558,,
1260,2559,,
1261,2560,,
1262,2561,,
1263,2562,,
1264,2563,,
1265,2564,,
1266,2565,,
1267,2566,,
1268,2567,,
1269,2568,,
1270,2569,,
1271,2570,,
1272,2571,,
1273,2572,,
1274,2573,,
1275,2574,,
1276,2575,,
1277,2576,,
1278,2577,,
1279,2578,,
1280,2579,,
1281,2580,,
1282,2581,,
1283,1393,,
1284,2582,,
1285,2583,,
1286,2584,,
1287,2585,,
1288,2586,,
1289,2587,,
1290,2588,,
1291,2589,,
1292,2590,,
1293,2591,,
1294,2592,,
1295,2593,,
1296,2594,,
1297,2595,,
1298,2596,,
1299,2597,,
1300,2598,,
1301,2599,,
1302,2600,,
1303,2601,,
1304,2602,,
1305,2603,,
1306,2482,,
1307,2604,,
1308,2605,,
1309,2606,,
1310,2607,,
1311,2608,,
1312,2609,,
1313,2610,,
1314,2611,,
1315,2612,,
1316,2613,,
1317,2614,,
1318,2615,,
1319,2616,,
1320,2617,,
1321,2618,,
1322,2619,,
1323,2620,,
1324,2621,,
1325,2622,,
1326,2623,,
1327,2624,,
1328,2625,,
1329,2626,,
1330,2627,,
1331,2628,,
1332,2629,,
1333,2630,,
1334,2631,,
1335,2632,,
1336,2633,,
1337,2634,,
1338,2635,,
1339,2636,,
1340,2637,,
1341,2638,,
1342,2639,,
1343,2640,,
1344,2641,,
1345,2642,,
1346,2643,,
1347,2644,,
1348,2645,,
1349,2646,,
1350,2647,,
1351,2648,,
1352,2649,,
1353,2650,,
1354,2651,,
1355,2652,,
1356,2653,,
1357,2654,,
1358,2655,,
1359,2656,,
1360,2657,,
1361,2658,,
1362,2659,,
1363,2660,,
1364,2661,,
1365,2662,,
1366,2663,,
1367,2664,,
1368,2665,,
1369,2666,,
1370,2667,,
1371,2668,,
1372,2669,,
1373,2670,,
1374,2671,,
1375,2672,,
1376,2673,,
1377,2674,,
1378,2675,,
1379,2676,,
1380,2677,,
1381,2678,,
1382,2679,,
1383,2680,,
1384,2681,,
1385,2682,,
1386,2683,,
1387,2684,,
1388,2685,,
1389,2686,,
1390,568,,
1391,2687,,
1392,2688,,
1393,2689,,
1394,2690,,
1395,2691,,
1396,2692,,
1397,2693,,
1398,2694,,
1399,2695,,
1400,2696,,
1401,2697,,
1402,424,,
1403,2698,,
1404,2699,,
1405,2700,,
1406,2701,,
1407,2702,,
1408,2703,,
1409,2704,,
1410,2705,,
1411,2706,,
1412,2707,,
1413,2708,,
1414,2709,,
1415,2710,,
1416,2711,,
1417,2712,,
1418,2713,,
1419,2714,,
1420,2715,,
1421,2716,,
1422,2717,,
1423,2718,,
1424,2719,,
1425,2720,,
1426,2721,,
1427,2722,,
1428,2723,,
1429,2724,,
1430,2725,,
1431,2726,,
1432,2727,,
1433,2728,,
1434,2729,,
1435,2730,,
1436,2731,,
1437,2732,,
1438,2733,,
1439,2734,,
1440,2735,,
1441,2736,,
1442,2737,,
1443,2738,,
1444,2739,,
1445,2740,,
1446,2741,,
1447,2742,,
1448,2743,,
1449,2744,,
1450,2745,,
1451,2746,,
1452,2747,,
1453,2748,,
1454,2749,,
1455,2750,,
1456,2751,,
1457,2752,,
1458,2753,,
1459,2754,,
1460,2755,,
1461,2756,,
1462,2757,,
1463,2758,,
1464,2759,,
1465,2760,,
1466,2761,,
1467,2762,,
1468,2763,,
1469,2764,,
1470,2765,,
1471,2766,,
1472,2767,,
1473,2768,,
1474,2769,,
1475,2770,,
1476,2771,,
1477,2772,,
1478,2773,,
1479,2774,,
1480,2775,,
1481,2776,,
1482,2777,,
1483,2778,,
1484,2779,,
1485,2780,,
1486,2781,,
1487,2782,,
1488,2783,,
1489,2784,,
1490,2785,,
1491,2786,,
1492,2787,,
1493,2788,,
1494,2789,,
1495,2790,,
1496,2569,,
1497,2791,,
1498,2792,,
1499,2793,,
1500,1160,,
1501,2794,,
1502,2795,,
1503,2796,,
1504,2797,,
1505,2798,,
1506,2799,,
1507,2800,,
1508,2801,,
1509,2802,,
1510,2803,,
1511,2804,,
1512,2805,,
1513,2806,,
1514,2807,,
1515,2808,,
1516,620,,
1517,2809,,
1518,2810,,
1519,2811,,
1520,2812,,
1521,2813,,
1522,2814,,
1523,2815,,
1524,2816,,
1525,2817,,
1526,2818,,
1527,2819,,
1528,2820,,
1529,2821,,
1530,2822,,
1531,2823,,
1532,2824,,
1533,2825,,
1534,2826,,
1535,2827,,
1536,2828,,
1537,2829,,
1538,2830,,
1539,2831,,
1540,2832,,
1541,2833,,
1542,2834,,
1543,2835,,
1544,2836,,
1545,2837,,
1546,2838,,
1547,2839,,
1548,2840,,
1549,2841,,
1550,2842,,
1551,2843,,
1552,2844,,
1553,2845,,
1554,2846,,
1555,2847,,
1556,2848,,
1557,2849,,
1558,2850,,
1559,2851,,
1560,2852,,
1561,2853,,
1562,2854,,
1563,2855,,
1564,2856,,
1565,2857,,
1566,2858,,
1567,2859,,
1568,2860,,
1569,2861,,
1570,2862,,
1571,2863,,
1572,2864,,
1573,2865,,
1574,2866,,
1575,2867,,
1576,2868,,
1577,2869,,
1578,2870,,
1579,2871,,
1580,2872,,
1581,2873,,
1582,2874,,
1583,2875,,
1584,2876,,
1585,2877,,
1586,2878,,
1587,2879,,
1588,2880,,
1589,2881,,
1590,2882,,
1591,2883,,
1592,2884,,
1593,2885,,
1594,2886,,
1595,2887,,
1596,2888,,
1597,2889,,
1598,2890,,
1114,2891,,
1119,2892,,
1115,696,,
1120,2893,,
1121,2894,,
1117,2895,,
1123,2896,,
1126,2897,,
1122,2898,,
1128,2899,,
1125,2900,,
1129,2901,,
1130,2902,,
1133,2903,,
1134,2904,,
1137,2905,,
1131,2906,,
1135,2758,,
1139,2907,,
1146,2908,,
1144,2909,,
1148,2910,,
1150,2911,,
1154,2912,,
1153,2913,,
1152,2914,,
1157,2915,,
1161,2916,,
1158,2917,,
1160,2918,,
1163,2919,,
1168,2920,,
1164,2921,,
1170,2922,,
1166,2923,,
1171,2924,,
1174,2925,,
1173,2926,,
1169,2927,,
1175,2928,,
1181,2929,,
1182,2930,,
1187,2931,,
1185,2932,,
1183,2933,,
1191,2934,,
1192,2935,,
1193,2936,,
1194,2937,,
1190,2938,,
1200,2939,,
1201,2940,,
1198,2941,,
1202,2942,,
1204,2943,,
1205,2944,,
1206,2945,,
1207,2946,,
1208,2947,,
1209,2948,,
1210,2949,,
1214,2950,,
1216,2951,,
1218,2952,,
1211,2953,,
1217,2954,,
1221,2955,,
1222,2956,,
1220,2957,,
1224,2958,,
1225,2959,,
1226,2960,,
1229,2961,,
1233,2962,,
1235,2963,,
1241,2964,,
1242,2965,,
1246,2966,,
1250,2967,,
1254,2968,,
1255,2969,,
1237,2970,,
1243,2971,,
1258,2972,,
1260,2973,,
1263,2974,,
1265,2975,,
1262,2976,,
1267,2977,,
1268,2978,,
1270,2979,,
1264,2980,,
1266,2981,,
1269,2982,,
1273,2482,,
1275,2983,,
1278,2984,,
1280,2985,,
1276,2986,,
1281,2987,,
1279,2988,,
1282,2989,,
1288,2990,,
1285,2991,,
1286,2992,,
1290,2993,,
1291,2994,,
1292,2995,,
1295,2996,,
1294,2997,,
1298,2998,,
1296,2999,,
1301,3000,,
1303,3001,,
1305,3002,,
1307,3003,,
1310,3004,,
1309,3005,,
1312,3006,,
1314,3007,,
1311,3008,,
1313,3009,,
1316,3010,,
1317,3011,,
1319,3012,,
1320,3013,,
1321,3014,,
1322,3015,,
1326,3016,,
1325,3017,,
1327,3018,,
1330,3019,,
1333,3020,,
1331,3021,,
1337,3022,,
1329,3023,,
1336,3024,,
1340,3025,,
1339,3026,,
1338,3027,,
1332,3028,,
1342,3029,,
1318,3030,,
1344,3031,,
1345,3032,,
1347,3033,,
1343,3034,,
1349,3035,,
1351,3036,,
1350,3037,,
1353,3038,,
1354,3039,,
1355,3040,,
1358,3041,,
1361,3042,,
1360,3043,,
1356,3044,,
1363,3045,,
1365,3046,,
1367,3047,,
1366,3048,,
1369,3049,,
1370,3050,,
1374,3051,,
1372,3052,,
1376,3053,,
1379,3054,,
1377,3055,,
1381,3056,,
1382,3057,,
1380,3058,,
1373,3059,,
1387,3060,,
1388,3061,,
1389,3062,,
1390,3063,,
1391,3064,,
1393,3065,,
1396,3066,,
1398,3067,,
1392,3068,,
1397,3069,,
1401,3070,,
1400,3071,,
1403,3072,,
1402,3073,,
1406,3074,,
1404,3075,,
1407,3076,,
1410,3077,,
1412,3078,,
1405,3079,,
1411,3080,,
1409,3081,,
1415,3082,,
1420,3083,,
1423,3084,,
1421,3085,,
1426,3086,,
1434,3087,,
1425,3088,,
1438,3089,,
1440,3090,,
1114,3091,,
1118,3092,,
1115,3093,,
1120,3094,,
1123,3095,,
1126,3096,,
1117,3097,,
1128,3098,,
1121,3099,,
1116,3100,,
1129,3101,,
1133,3102,,
1132,3103,,
1137,3104,,
1131,3105,,
1139,3106,,
1136,3107,,
1141,3108,,
1143,3109,,
1135,3110,,
1144,3111,,
1150,3112,,
1151,3113,,
1156,3114,,
1149,3115,,
1142,3116,,
1161,3117,,
1152,3118,,
1158,3119,,
1165,3120,,
1168,3121,,
1170,3122,,
1171,3123,,
1164,3124,,
1176,3125,,
1178,3126,,
1187,3127,,
1182,3128,,
1159,3129,,
1186,3130,,
1192,3131,,
1193,3132,,
1180,3133,,
1199,3134,,
1195,3135,,
1190,3136,,
1201,3137,,
1202,3138,,
1207,3139,,
1205,3140,,
1209,3141,,
1210,3142,,
1208,3143,,
1213,3144,,
1215,3145,,
1211,3146,,
1219,3147,,
1224,3148,,
1225,3149,,
1231,3150,,
1227,3151,,
1228,3152,,
1223,3153,,
1241,3154,,
1232,3155,,
1242,3156,,
1247,3157,,
1250,3158,,
1246,3159,,
1252,3160,,
1256,3161,,
1237,3162,,
1254,3163,,
1259,3164,,
1243,3165,,
1260,3166,,
1268,3167,,
1267,3168,,
1271,3169,,
1265,3170,,
1274,3171,,
1272,3172,,
1273,3173,,
1278,3174,,
1599,3175,,
1600,3176,,
1601,3177,,
1306,3178,,
1556,3179,,
1269,3180,,
1556,3181,,
1269,3182,,
1191,3183,,
1232,3184,,
1556,3185,,
1556,3186,,
1412,3187,,
1437,3188,,
1602,3189,,
1190,3190,,
1597,3191,,
1411,3192,,
1192,3193,,
1184,2482,,
1603,3194,,
1153,3195,,
1168,3196,,
1128,3197,,
1163,3198,,
1149,3199,,
1604,3200,,
1134,3201,,
1287,3202,,
1149,3203,,
1227,3204,,
1149,2482,,
1605,3205,,
1606,3206,,
1607,3207,,
1608,3208,,
1609,3209,,
1610,3210,,
1611,3211,,
1612,3212,,
1613,3213,,
1614,3214,,
1615,3215,,
1616,3216,,
1617,3217,,
1618,3218,,
1619,3219,,
1620,3220,,
1621,3221,,
1622,3222,,
1623,3223,,
1624,3224,,
1625,3225,,
1626,3226,,
1627,3227,,
1628,3228,,
1629,3229,,
1630,3230,,
1631,3231,,
1632,3232,,
1633,3233,,
1634,3234,,
1635,3235,,
1636,3236,,
1637,3237,,
1638,3238,,
1639,3239,,
1640,3240,,
1641,3241,,
1642,3242,,
1643,3243,,
1644,3244,,
1645,3245,,
1646,3246,,
1647,3247,,
1648,3248,,
1649,3249,,
1650,3250,,
1651,3251,,
1652,3252,,
1653,3253,,
1654,3254,,
1655,3255,,
1656,3256,,
1657,3257,,
1658,3258,,
1659,3259,,
1660,3260,,
1661,3261,,
1662,3262,,
1663,3263,,
1664,3264,,
1665,3265,,
1666,3266,,
1667,3267,,
1668,3268,,
1669,3269,,
1670,3270,,
1671,3271,,
1672,3272,,
1673,3273,,
1674,3274,,
1675,3275,,
1676,3276,,
1677,3277,,
1678,3278,,
1679,3279,,
1680,3280,,
1681,3281,,
1682,3282,,
1683,3283,,
1684,3284,,
1685,3285,,
1686,3286,,
1687,3287,,
1688,3288,,
1689,3289,,
1690,3290,,
1691,3291,,
1692,3292,,
1693,3293,,
1694,3294,,
1695,3295,,
1696,3296,,
1697,3297,,
1698,3298,,
1699,3299,,
1700,3300,,
1701,3301,,
1702,3302,,
1703,3303,,
1704,3304,,
1705,3305,,
1706,3306,,
1707,3307,,
1708,3308,,
1709,3309,,
1710,3310,,
1711,3311,,
1712,3312,,
1713,3313,,
1714,3314,,
1715,3315,,
1716,3316,,
1717,3317,,
1718,3318,,
1719,3319,,
1720,3320,,
1721,3321,,
1722,3322,,
1723,3323,,
1724,3324,,
1725,3325,,
1726,3326,,
1727,3327,,
1728,3328,,
1729,3329,,
1730,3330,,
1731,3331,,
1732,3332,,
1733,3333,,
1734,3334,,
1735,3335,,
1736,3336,,
1737,501,,
1738,3337,,
1739,3338,,
1740,3339,,
1741,3340,,
1742,3341,,
1743,3342,,
1744,3343,,
1745,3344,,
1746,3345,,
1747,3346,,
1748,3347,,
1749,3348,,
1750,3349,,
1751,3350,,
1752,3282,,
1753,3351,,
1754,3352,,
1755,3353,,
1756,3354,,
1757,3355,,
1758,3356,,
1759,3357,,
1760,3358,,
1761,3359,,
1762,3360,,
1763,3361,,
1764,3362,,
1765,3363,,
1766,3364,,
1767,3365,,
1768,3366,,
1769,3367,,
1770,3368,,
1771,3369,,
1772,3370,,
1773,3371,,
1774,3372,,
1775,3373,,
1776,3374,,
1777,3375,,
1778,3376,,
1779,3377,,
1780,3378,,
1781,3379,,
1782,3380,,
1783,3381,,
1784,3382,,
1785,3383,,
1786,3384,,
1787,3385,,
1788,3386,,
1789,3387,,
1790,3388,,
1791,3389,,
1792,3390,,
1793,3391,,
1794,3392,,
1795,3393,,
1796,3394,,
1797,3395,,
1798,3396,,
1799,3397,,
1800,3398,,
1801,3399,,
1802,3400,,
1803,3401,,
1804,3402,,
1805,3403,,
1806,3404,,
1807,3405,,
1808,3406,,
1809,3407,,
1810,3408,,
1811,3409,,
1812,3410,,
1813,3411,,
1814,3412,,
1815,3413,,
1816,3414,,
1817,3415,,
1818,3416,,
1819,3417,,
1820,3418,,
1821,3419,,
1822,3420,,
1823,3421,,
1824,3422,,
1825,3423,,
1826,3424,,
1827,3425,,
1828,3426,,
1829,3427,,
1830,3428,,
1831,3429,,
1832,3430,,
1833,3431,,
1834,3432,,
1835,3433,,
1836,3434,,
1837,3435,,
1838,3436,,
1839,3437,,
1840,3438,,
1841,3439,,
1842,3440,,
1843,3441,,
1844,3442,,
1845,3443,,
1846,3444,,
1847,3445,,
1848,3446,,
1849,3447,,
1850,3448,,
1851,3449,,
1852,3311,,
1853,3450,,
1854,3451,,
1855,3452,,
1856,3453,,
1857,3454,,
1858,3455,,
1859,3456,,
1860,3457,,
1861,3458,,
1862,3459,,
1863,3460,,
1864,3461,,
1865,3462,,
1866,3463,,
1867,3464,,
1868,3465,,
1869,3466,,
1870,3467,,
1871,3468,,
1872,3469,,
1873,3470,,
1874,3471,,
1875,3472,,
1876,3473,,
1877,3474,,
1878,3475,,
1879,3476,,
1880,3477,,
1881,3478,,
1882,3479,,
1883,3480,,
1884,3481,,
1885,3482,,
1886,3243,,
1887,3483,,
1888,3484,,
1889,3218,,
1890,3485,,
1891,3486,,
1892,3487,,
1893,3488,,
1894,3489,,
1895,3490,,
1896,3491,,
1897,3492,,
1898,3493,,
1899,3494,,
1900,3495,,
1901,3496,,
1902,3497,,
1903,3498,,
1904,3499,,
1905,3500,,
1906,3501,,
1907,3502,,
1908,3503,,
1909,3504,,
1910,3505,,
1911,3506,,
1912,3507,,
1913,3508,,
1914,3509,,
1915,3510,,
1916,3511,,
1917,3512,,
1918,3513,,
1919,3514,,
1920,3515,,
1921,3516,,
1922,3478,,
1923,3517,,
1924,3518,,
1925,3519,,
1926,3520,,
1927,3521,,
1928,3522,,
1929,3523,,
1930,3524,,
1931,3525,,
1932,3526,,
1933,3527,,
1934,3528,,
1935,3529,,
1936,3530,,
1937,3531,,
1938,3532,,
1939,3533,,
1940,3534,,
1941,3535,,
1942,3536,,
1943,3537,,
1944,3538,,
1945,3539,,
1946,3540,,
1947,3541,,
1948,3542,,
1949,3543,,
1950,3544,,
1951,3545,,
1952,3546,,
1953,3547,,
1954,3548,,
1955,3549,,
1956,3550,,
1957,3551,,
1958,3552,,
1959,3553,,
1960,3554,,
1961,3555,,
1962,3556,,
1963,3557,,
1964,3558,,
1965,3559,,
1966,3560,,
1967,3561,,
1968,3562,,
1969,3563,,
1970,3564,,
1971,3565,,
1972,3566,,
1973,3567,,
1974,3568,,
1975,3569,,
1976,3570,,
1977,3571,,
1978,3572,,
1979,2292,,
1980,3573,,
1981,3574,,
1982,3575,,
1983,3576,,
1984,3577,,
1985,3578,,
1986,3579,,
1987,3580,,
1988,3581,,
1989,3582,,
1990,3583,,
1991,3584,,
1992,3585,,
1993,3586,,
1994,3587,,
1995,3588,,
1996,3589,,
1997,3590,,
1998,3591,,
1999,3592,,
2000,3593,,
2001,3594,,
2002,150,,
2003,3595,,
2004,3596,,
2005,3597,,
2006,3598,,
2007,3599,,
2008,3600,,
2009,3601,,
2010,3602,,
2011,3603,,
2012,3604,,
2013,3605,,
2014,3606,,
2015,3607,,
2016,3608,,
2017,3609,,
2018,3610,,
2019,3611,,
2020,3612,,
2021,3613,,
2022,3614,,
2023,3615,,
2024,3616,,
2025,3617,,
2026,3618,,
2027,3619,,
2028,3620,,
2029,3621,,
2030,3622,,
2031,3623,,
2032,3624,,
2033,3625,,
2034,3626,,
2035,3627,,
2036,3628,,
2037,3629,,
2038,3630,,
2039,3631,,
2040,3632,,
2041,3633,,
2042,3634,,
2043,3635,,
2044,3636,,
2045,3637,,
2046,3638,,
2047,3639,,
2048,3640,,
2049,3641,,
2050,3642,,
2051,3643,,
2052,3644,,
2053,3645,,
2054,3646,,
2055,3647,,
2056,3648,,
2057,3649,,
2058,3650,,
2059,3651,,
2060,3652,,
2061,3653,,
2062,3654,,
2063,3655,,
2064,3656,,
2065,3657,,
2066,3658,,
2067,3659,,
2068,3660,,
2069,3661,,
2070,3662,,
2071,3663,,
2072,3664,,
2073,3665,,
2074,3666,,
2075,3667,,
2076,3668,,
2077,3669,,
2078,3670,,
2079,3671,,
2080,3672,,
2081,3673,,
2082,3674,,
2083,3675,,
2084,3676,,
2085,3677,,
2086,3678,,
2087,3679,,
2088,3680,,
2089,3681,,
2090,3682,,
2091,3683,,
2092,3684,,
2093,3685,,
2094,3686,,
2095,3687,,
2096,3688,,
2097,3689,,
2098,3690,,
2099,3691,,
2100,3692,,
2101,3693,,
2102,3694,,
2103,3695,,
2104,3696,,
2105,3697,,
2106,3698,,
2107,3699,,
2108,3700,,
2109,3701,,
2110,3702,,
2111,3703,,
2112,3704,,
2113,3705,,
2114,3706,,
2115,3707,,
2116,3708,,
2117,3709,,
2118,3710,,
2119,3711,,
2120,3712,,
2121,3713,,
2122,3714,,
2123,3715,,
2124,3716,,
2125,3717,,
2126,3718,,
2127,3719,,
2128,3720,,
2129,3721,,
2130,1869,,
2131,3722,,
2132,3723,,
2133,3724,,
2134,3725,,
2135,3726,,
2136,3727,,
2137,3728,,
2138,3729,,
2139,3730,,
2140,3731,,
2141,3732,,
2142,3733,,
2143,3734,,
2144,3735,,
2145,3736,,
2146,3737,,
2147,3738,,
2148,3739,,
2149,3740,,
2150,3741,,
2151,3742,,
2152,3743,,
2153,3744,,
2154,3745,,
2155,3746,,
2156,3747,,
2157,3748,,
2158,3749,,
2159,3750,,
2160,3751,,
2161,3752,,
2162,3753,,
2163,3754,,
2164,3755,,
2165,3756,,
2166,3757,,
2167,3758,,
2168,3759,,
2169,3760,,
2170,3761,,
2171,3762,,
2172,3763,,
2173,3764,,
2174,3765,,
2175,3766,,
2176,3767,,
2177,3768,,
2178,3769,,
2179,3770,,
2180,3771,,
2181,3772,,
2182,3773,,
2183,3774,,
2184,3775,,
2185,3776,,
2186,3777,,
2187,3778,,
2188,3779,,
2189,3780,,
2190,3781,,
2191,3782,,
2192,3783,,
2193,3784,,
2194,3785,,
2195,3786,,
2196,3787,,
2197,3788,,
2198,3789,,
2199,3790,,
1609,3791,,
1608,3792,,
1611,3793,,
1613,3794,,
1610,3795,,
1606,3796,,
1607,3797,,
1617,3798,,
1614,3215,,
1619,3799,,
1624,3800,,
1621,3801,,
1627,3802,,
1625,3803,,
1622,3804,,
1616,3805,,
1629,3806,,
1612,3807,,
1633,3808,,
1635,3375,,
1631,3809,,
1632,3810,,
1626,3811,,
1623,3812,,
1628,#N/A,,
1630,3814,,
1637,3815,,
1642,3816,,
1649,3533,,
1641,3817,,
1643,3818,,
1651,3819,,
1648,3820,,
1654,3821,,
1652,3822,,
1647,3823,,
1657,3824,,
1655,3825,,
1644,3826,,
1656,3827,,
1639,3828,,
1645,3829,,
1653,3830,,
1659,3831,,
1650,3832,,
1660,3833,,
1663,3834,,
1664,3835,,
1665,3579,,
1661,3836,,
1672,3837,,
1666,3838,,
1669,3839,,
1668,3840,,
1673,3841,,
1675,3842,,
1674,3843,,
1676,3844,,
1671,3845,,
1681,3846,,
1684,3847,,
1682,3848,,
1683,3849,,
1670,3850,,
1688,3851,,
1685,211,,
1691,3852,,
1694,3853,,
1687,3854,,
1692,3855,,
1678,3856,,
1677,3857,,
1700,3858,,
1702,3859,,
1698,3860,,
1709,3861,,
1701,3862,,
1706,3863,,
1696,3864,,
1705,3865,,
1689,3866,,
1695,3867,,
1699,3868,,
1712,3869,,
1714,3870,,
1715,3871,,
1717,3872,,
1718,3873,,
1724,3874,,
1722,3875,,
1723,3876,,
1720,3877,,
1725,3878,,
1729,3879,,
1736,3880,,
1733,3881,,
1728,3882,,
1740,3883,,
1730,3858,,
1734,3884,,
1732,3885,,
1735,3886,,
1726,3887,,
1738,3888,,
1737,3889,,
1745,3890,,
1721,3891,,
1739,3892,,
1746,3893,,
1742,3894,,
1743,3895,,
1741,3896,,
1747,3897,,
1748,3898,,
1750,3899,,
1751,3900,,
1752,3901,,
1753,3902,,
1731,3903,,
1759,3904,,
1755,3905,,
1749,3906,,
1758,3907,,
1761,3908,,
1757,3909,,
1754,3910,,
1764,3911,,
1765,3424,,
1760,3912,,
1762,3913,,
1763,3914,,
1766,3915,,
1769,3916,,
1770,3917,,
1772,3918,,
1771,3919,,
1778,3920,,
1775,3921,,
1774,3922,,
1768,3923,,
1783,3924,,
1773,3925,,
1780,3926,,
1784,3927,,
1788,3928,,
1785,3929,,
1794,3930,,
1796,3931,,
1777,3932,,
1792,3933,,
1795,3934,,
1801,3935,,
1798,3936,,
1779,3937,,
1800,3938,,
1805,3939,,
1804,3940,,
1806,3941,,
1809,3942,,
1807,3943,,
1793,3944,,
1811,3945,,
1812,3946,,
1816,3947,,
1810,3948,,
1819,3949,,
1813,3950,,
1818,3951,,
1820,3952,,
1460,3953,,
1808,3954,,
1817,3955,,
1815,3956,,
1822,3957,,
1821,3958,,
1823,3959,,
1825,3960,,
1827,3961,,
1837,3962,,
1832,3963,,
1831,3964,,
1830,3965,,
1839,3966,,
1840,3967,,
1829,3968,,
1834,3969,,
1838,3970,,
1836,3971,,
1841,3972,,
1843,3973,,
1846,3974,,
1852,3975,,
1849,3976,,
1855,3532,,
1857,3977,,
1848,3978,,
1851,3979,,
1844,3980,,
1850,3981,,
1858,3982,,
1859,3983,,
1862,3984,,
1866,3985,,
1867,3986,,
1865,3987,,
1871,3988,,
1874,3989,,
1863,3990,,
1877,3991,,
1873,3992,,
1864,3993,,
1869,3994,,
1861,3995,,
1853,3996,,
1876,3997,,
1870,3998,,
1868,3999,,
1879,4000,,
1881,4001,,
1886,4002,,
1882,4003,,
1885,4004,,
1889,4005,,
1887,4006,,
1888,4007,,
1880,4008,,
1891,4009,,
1890,4010,,
1894,4011,,
1895,4012,,
1896,4013,,
1897,4014,,
1899,4015,,
1898,4016,,
1892,4017,,
1900,4018,,
1893,4019,,
1901,4020,,
1905,4021,,
1906,4022,,
1910,4023,,
1913,4024,,
1904,4025,,
1911,4026,,
1903,4027,,
1914,4028,,
1916,4029,,
1920,4030,,
1923,4031,,
1922,4032,,
1926,4033,,
1924,4034,,
1925,4035,,
1929,4036,,
1927,4037,,
1930,4038,,
1931,4039,,
1933,4040,,
1928,4041,,
1935,4042,,
1937,4043,,
1934,4044,,
1938,4045,,
1939,4046,,
1940,4047,,
1941,4048,,
1501,3349,,
1945,4049,,
1943,4050,,
1946,4051,,
1944,4052,,
1947,4053,,
1948,4054,,
1951,4055,,
1955,4056,,
1957,4057,,
1959,4058,,
1960,4059,,
1950,4060,,
1953,4061,,
1963,4062,,
1964,4063,,
1965,4064,,
1956,4065,,
1961,4066,,
1969,4067,,
1971,3215,,
1973,4068,,
1975,4069,,
1967,4070,,
1974,4071,,
1972,4072,,
1970,4073,,
1980,4074,,
1981,4075,,
1976,4076,,
1982,4077,,
1977,4078,,
1979,4079,,
1985,4080,,
1987,4081,,
1986,4082,,
1993,4083,,
1988,4084,,
1505,4085,,
1984,4086,,
1991,4087,,
1990,4088,,
1992,4089,,
1994,4090,,
1996,4091,,
1998,4092,,
2000,4093,,
1999,4094,,
1995,4095,,
2001,4096,,
1486,4097,,
2002,4098,,
1997,4099,,
2005,4100,,
2007,4101,,
2011,4102,,
2010,4103,,
2006,4104,,
2013,4105,,
1609,4106,,
1608,4107,,
1611,4108,,
1606,4109,,
1610,4110,,
1605,4111,,
1607,4112,,
1613,4113,,
1615,4114,,
1621,4115,,
1614,4116,,
1622,4117,,
1616,4118,,
1619,4119,,
1620,4120,,
1618,4121,,
1627,4122,,
1629,4123,,
1634,2800,,
1636,4124,,
1635,4125,,
1633,4126,,
1628,4127,,
1638,4128,,
1642,4129,,
1641,4130,,
1648,4131,,
1651,4132,,
1643,4133,,
1632,4134,,
1657,1781,,
1646,4135,,
1649,4136,,
1656,4137,,
1652,4138,,
1640,4139,,
1663,4140,,
1650,4141,,
1667,4142,,
1645,4143,,
1660,4144,,
1655,4145,,
1664,4146,,
1666,4147,,
1672,4148,,
1653,4149,,
1669,4150,,
1676,4151,,
1674,4152,,
1671,4153,,
1675,4154,,
1682,4155,,
1685,4156,,
1681,4157,,
1688,4158,,
1694,4159,,
1670,4160,,
1692,4161,,
1687,4162,,
1677,4163,,
1691,4164,,
1702,4165,,
1700,4166,,
1697,4167,,
1678,4168,,
1705,4169,,
1690,4170,,
1706,4171,,
1709,4172,,
1689,4173,,
1711,4174,,
1680,4175,,
1701,4176,,
1710,4177,,
1715,4178,,
1712,4179,,
1699,4180,,
1714,4181,,
1718,4182,,
1713,3730,,
1724,4183,,
1703,4184,,
1723,4185,,
1729,4186,,
1722,4187,,
1740,4188,,
1733,4189,,
1720,4190,,
1735,4191,,
1726,4192,,
1732,4193,,
1737,4194,,
1739,4195,,
1745,3835,,
1721,4196,,
1744,4116,,
1746,4197,,
1725,4198,,
1743,4199,,
1741,4200,,
1751,4201,,
1747,4202,,
1750,4203,,
1752,4204,,
1748,4205,,
1753,4206,,
1731,4207,,
1749,4208,,
1761,4209,,
1759,4210,,
1760,4211,,
1765,4212,,
1762,3668,,
1764,4213,,
1766,4214,,
1772,4215,,
1770,4216,,
1767,4217,,
1775,4218,,
1776,4219,,
1768,4220,,
1771,4221,,
1778,4222,,
1781,4223,,
1786,4224,,
1789,4225,,
1794,4226,,
1792,4227,,
1797,4228,,
1788,4229,,
1796,4230,,
1799,4231,,
1785,4232,,
1795,4233,,
1803,4234,,
1779,4235,,
1777,4236,,
1805,4237,,
1806,4238,,
1802,4239,,
1809,4240,,
1807,4241,,
1793,4242,,
1816,4243,,
1818,4244,,
1814,4245,,
1822,4246,,
1815,4247,,
1825,2954,,
2200,4248,,
2201,4249,,
2202,4250,,
2203,4251,,
2204,4252,,
2205,4253,,
2206,4254,,
2207,4255,,
2208,4256,,
2209,4257,,
2210,4258,,
2211,506,,
2212,4259,,
2213,4260,,
2214,4261,,
2215,4262,,
2216,4263,,
2217,4264,,
2218,4265,,
2219,4266,,
2220,4267,,
2221,4268,,
2222,4269,,
2223,4270,,
2224,4271,,
2225,4272,,
2226,4273,,
2227,4274,,
2228,4275,,
2229,4276,,
2230,4277,,
2231,4278,,
2232,4279,,
2233,4280,,
2234,4281,,
2235,4282,,
2236,4283,,
2237,4284,,
2238,4285,,
2239,4286,,
2240,4287,,
2241,4288,,
2242,4289,,
2243,4290,,
2244,4271,,
2245,4291,,
2246,4292,,
2247,4293,,
2248,4294,,
2249,4295,,
2250,4296,,
2251,4297,,
2252,4298,,
2253,4299,,
2254,4300,,
2255,4301,,
2256,2482,,
2257,4302,,
2258,4303,,
2259,4304,,
2260,4305,,
2261,4306,,
2262,4307,,
2263,4308,,
2264,4309,,
2265,4310,,
2266,4311,,
2267,4312,,
2268,4313,,
2269,4314,,
2270,4315,,
2271,4316,,
2272,4317,,
2273,4318,,
2274,4319,,
2275,4320,,
2276,4321,,
2277,4322,,
2278,4323,,
2279,4324,,
2280,4325,,
2281,360,,
2282,4326,,
2283,4327,,
2284,4328,,
2285,4329,,
2286,4330,,
2287,4331,,
2288,4332,,
2289,4333,,
2290,4334,,
2291,4335,,
2292,4336,,
2293,4337,,
2294,4338,,
2295,4339,,
2296,4340,,
2297,4341,,
2298,4342,,
2299,4343,,
2300,4344,,
2301,4345,,
2302,4346,,
2303,4347,,
2304,4348,,
2305,4349,,
2306,4350,,
2307,4351,,
2308,4352,,
2309,4353,,
2310,4354,,
2311,4355,,
2312,4356,,
2313,4357,,
2314,4358,,
2315,4359,,
2316,4360,,
2317,4361,,
2318,4362,,
2319,4363,,
2320,4364,,
2321,4365,,
2322,4366,,
2323,4367,,
2324,4368,,
2325,4369,,
2326,4370,,
2327,4371,,
2328,4372,,
2329,4373,,
2330,4374,,
2331,4375,,
2332,4376,,
2333,4377,,
2334,4378,,
2335,4379,,
2336,4380,,
2337,4381,,
2338,4382,,
2339,4383,,
2340,4384,,
2341,4385,,
2342,4386,,
2343,4387,,
2344,4388,,
2345,4389,,
2346,4390,,
2347,4391,,
2348,4392,,
2349,4393,,
2350,4394,,
2351,4395,,
2352,4396,,
2353,4397,,
2354,4398,,
2355,4399,,
2356,4400,,
2357,4401,,
2358,4402,,
2359,4403,,
2360,4404,,
2361,4405,,
2362,4406,,
2363,4407,,
2364,4408,,
2365,4409,,
2366,4410,,
2367,4411,,
2368,4412,,
2369,4413,,
2370,4414,,
2371,4415,,
2372,4416,,
2373,4417,,
2374,4418,,
2375,4261,,
2376,4419,,
2377,4420,,
2378,4421,,
2379,4422,,
2380,4423,,
2381,4424,,
2382,4425,,
2383,4426,,
2384,4427,,
2385,4428,,
2386,4429,,
2387,4430,,
2388,4431,,
2389,4432,,
2390,4433,,
2391,4434,,
2392,4435,,
2393,4436,,
2394,4437,,
2395,4438,,
2396,4439,,
2397,4440,,
2398,4441,,
2399,4442,,
2400,4443,,
2401,4444,,
2402,4445,,
2403,4446,,
2404,4447,,
2405,4448,,
2406,4449,,
2407,4450,,
2200,4451,,
2201,4452,,
2202,4453,,
2203,4454,,
2204,4455,,
2205,4456,,
2206,4457,,
2207,4458,,
2209,4459,,
2211,4460,,
2210,4316,,
2213,4461,,
2214,4462,,
2216,4463,,
2219,4464,,
2218,4345,,
2220,4463,,
2221,4465,,
2222,4466,,
2224,4467,,
2223,4468,,
2225,4469,,
2227,4470,,
2230,4471,,
2229,4472,,
2231,4473,,
2233,4474,,
2236,4475,,
2238,4476,,
2244,4477,,
2245,4478,,
2246,4479,,
2247,4480,,
2248,4481,,
2250,4482,,
2251,4483,,
2253,4484,,
2254,4485,,
2255,4486,,
2258,4487,,
2260,4488,,
2262,4489,,
2263,4490,,
2264,4491,,
2265,4492,,
2266,4493,,
2267,4494,,
2268,4495,,
2270,4496,,
2271,4497,,
2272,4498,,
2273,4499,,
2276,4500,,
2278,4501,,
2275,4502,,
2283,4503,,
2284,4504,,
2285,4431,,
2288,4505,,
2289,4506,,
2290,4507,,
2291,4508,,
2292,4509,,
2293,4510,,
2294,4511,,
2296,4512,,
2297,4513,,
2298,4514,,
2299,4515,,
2300,4516,,
2301,4517,,
2302,4518,,
2303,4519,,
2304,4520,,
2305,4521,,
2306,4522,,
2308,4523,,
2311,4524,,
2314,4525,,
2315,4526,,
2316,4527,,
2318,4528,,
2317,4529,,
2320,4530,,
2321,4531,,
2323,4532,,
2324,4533,,
2326,4534,,
2327,4535,,
2328,4536,,
2329,4537,,
2330,4538,,
2332,4539,,
2333,4540,,
2334,4541,,
2336,4542,,
2337,4543,,
2338,4544,,
2200,4545,,
2203,4546,,
2205,4547,,
2204,4548,,
2206,4549,,
2211,4550,,
2213,4551,,
2214,4552,,
2215,4553,,
2212,4554,,
2216,4555,,
2219,4556,,
2220,4557,,
2221,4558,,
2222,4559,,
2224,4328,,
2225,4560,,
2230,4561,,
2226,4562,,
2232,4563,,
2233,4564,,
2234,4565,,
2238,4566,,
2240,4567,,
2244,4568,,
2245,4569,,
2246,4570,,
2247,4571,,
2250,4572,,
2251,4504,,
2256,4573,,
2255,4574,,
2254,4575,,
2257,4576,,
2258,4577,,
2261,4578,,
2262,4579,,
2263,4580,,
2265,4581,,
2266,4582,,
2267,4583,,
2269,4584,,
2408,4585,,
2393,4586,,
2409,4587,,
2226,4588,,
2410,4589,,
2217,4590,,
2411,4591,,
2363,4592,,
2393,4593,,
2275,4594,,
2412,4595,,
2393,4596,,
2413,4597,,
2414,4598,,
2413,4599,,
2412,4600,,
2254,4601,,
2415,4602,,
2416,4603,,
2402,4604,,
2417,4605,,
2212,4606,,
2363,4607,,
2418,4608,,
2363,4609,,
2396,4610,,
2419,4611,,
2363,4612,,
2420,4613,,
2363,4614,,
2421,4615,,
2361,4616,,
2363,4617,,
2422,4618,,
2264,4619,,
2423,4620,,
2363,4621,,
2424,4616,,
2425,4622,,
2221,4623,,
2426,4624,,
2200,4625,,
2224,4626,,
2427,4627,,
2232,4628,,
2201,4629,,
2428,4629,,
2429,4630,,
2406,4631,,
2262,4504,,
2210,4632,,
2382,4616,,
2333,4633,,
2429,4634,,
2389,4632,,
2232,4635,,
2430,4616,,
2264,4636,,
2431,4637,,
2278,4273,,
2228,21,,
2217,4638,,
2432,4639,,
2416,4640,,
2433,4641,,
2434,4642,,
2309,4643,,
2392,4644,,
2393,4645,,
2435,4646,,
2285,4647,,
2436,4648,,
2434,4649,,
2393,4650,,
2437,4651,,
2382,4652,,
2158,4653,,
2378,4654,,
2393,4655,,
2438,4656,,
2439,4657,,
2440,4658,,
2441,4659,,
2442,4660,,
2443,4661,,
2444,4662,,
2445,4663,,
2446,4664,,
2447,4665,,
2448,4666,,
2449,4667,,
2450,4668,,
2413,4669,,
2445,4670,,
2451,4671,,
2452,4672,,
2453,4673,,
2454,4674,,
2455,4675,,
2456,4676,,
2457,4677,,
2458,4678,,
2413,4679,,
2459,4680,,
2460,4681,,
2461,4682,,
2462,4683,,
2454,4684,,
2413,4685,,
2410,4686,,
2463,4687,,
2456,4688,,
2461,4689,,
2464,4690,,
2465,4691,,
2454,4692,,
2413,4693,,
2453,4694,,
2466,4695,,
2467,4696,,
2412,4697,,
2445,4698,,
2468,4699,,
2469,4700,,
2470,4701,,
2456,4702,,
2412,4703,,
2467,4704,,
2453,4705,,
2462,4706,,
2468,4707,,
2471,4708,,
2466,4709,,
2445,4710,,
2412,4711,,
2456,4712,,
2472,4713,,
2473,4714,,
2474,4715,,
2454,4716,,
2475,4717,,
2450,4718,,
2476,4719,,
2477,4720,,
2460,4721,,
2412,4722,,
2478,4723,,
2479,4724,,
2480,4725,,
2467,4726,,
2412,4727,,
2481,4728,,
2454,4729,,
2482,4730,,
2483,4731,,
2480,4732,,
2484,4733,,
2461,4734,,
2467,4735,,
2485,4736,,
2486,4737,,
2487,4738,,
2488,4739,,
2489,4740,,
2466,4741,,
2490,4742,,
2491,4743,,
2492,4744,,
2489,4745,,
2475,4746,,
2493,4747,,
2410,4748,,
2494,4749,,
2495,4750,,
2416,4751,,
2496,4752,,
2497,2648,,
2498,4753,,
2499,4754,,
1455,4755,,
2500,4756,,
2416,4757,,
2501,4758,,
2497,4759,,
2502,4760,,
2503,4761,,
2438,4762,,
2499,4763,,
2430,4764,,
2416,4765,,
2497,4766,,
2504,4767,,
2505,4768,,
2506,4769,,
1595,4770,,
2507,4771,,
2508,4772,,
2416,4773,,
2431,4774,,
2509,4775,,
2291,4776,,
2510,4777,,
2511,3200,,
2420,4776,,
2216,4778,,
2512,4779,,
2513,4780,,
2514,4781,,
2515,4782,,
2420,4783,,
2216,4784,,
2371,4776,,
2516,4785,,
2396,4786,,
2517,4787,,
2518,4788,,
2506,4789,,
2382,4790,,
2519,4791,,
2520,4792,,
2521,4793,,
2522,4794,,
2523,4795,,
2524,4796,,
1760,4797,,
2525,4798,,
2396,4799,,
1921,4800,,
2526,4801,,
2527,4743,,
2528,4802,,
2519,4803,,
1595,4804,,
2529,4805,,
2530,4806,,
2531,4807,,
2532,4808,,
2496,4809,,
2533,4810,,
2534,4811,,
2382,4812,,
2535,4813,,
2536,4814,,
2537,527,,
2538,4815,,
2527,4816,,
2539,4817,,
2350,4818,,
2540,3354,,
2541,4819,,
2535,4820,,
2542,4821,,
2543,4822,,
2544,4823,,
2545,4824,,
2546,4825,,
2547,4826,,
2415,4827,,
2337,2665,,
2420,4828,,
2512,4829,,
2360,4830,,
2378,4831,,
2548,4832,,
2549,4833,,
2550,4834,,
2546,4835,,
2551,4836,,
2416,4837,,
2552,4838,,
2323,4839,,
2553,4840,,
2554,4841,,
2555,4842,,
2556,4843,,
2557,4844,,
2292,4845,,
2558,4846,,
2393,4847,,
2439,4848,,
2247,4849,,
2559,4850,,
2560,4851,,
2555,3291,,
2552,4852,,
2550,4853,,
2378,4854,,
2551,4855,,
2510,4856,,
2279,4857,,
2546,4858,,
2561,4859,,
2456,4860,,
2562,4861,,
2563,4862,,
2412,4863,,
2564,4864,,
2565,4865,,
2563,4866,,
2566,4867,,
2410,4868,,
2410,4869,,
2567,4870,,
2445,4871,,
2568,4872,,
2475,4873,,
2450,4874,,
2569,4875,,
2570,4876,,
2571,4877,,
2475,4878,,
2572,4879,,
2573,4880,,
2574,4881,,
2463,4882,,
2566,4883,,
2567,4884,,
2575,4885,,
2576,4886,,
2577,4887,,
2578,4888,,
2413,4889,,
2412,4890,,
2579,4891,,
2456,4892,,
2402,4893,,
2580,4894,,
2453,4895,,
2472,4896,,
2445,4897,,
2413,4898,,
2568,4899,,
2581,4900,,
2476,4901,,
2581,4902,,
2582,4903,,
2583,4904,,
2467,4905,,
2448,4906,,
2475,4907,,
2584,4908,,
2585,4909,,
2410,4910,,
2468,4911,,
2586,4912,,
2574,4913,,
2445,4914,,
2587,4915,,
2564,4916,,
2588,4917,,
2589,4918,,
2590,4919,,
2574,4920,,
2489,4921,,
2591,4922,,
2571,4923,,
2592,4924,,
2434,4925,,
2593,4926,,
2434,4927,,
2594,4928,,
2285,4929,,
2436,4930,,
1705,4931,,
2254,4932,,
2238,4933,,
2436,4934,,
2595,4935,,
2596,4936,,
2597,4937,,
2597,4938,,
2597,4939,,
2597,4940,,
2597,4941,,
2597,4942,,
2597,4943,,
2597,4944,,
2445,4945,,
2598,4946,,
2599,4947,,
2600,4948,,
2456,4949,,
2466,4950,,
2471,4951,,
2413,4952,,
2445,4953,,
2601,4954,,
2466,4955,,
2602,4956,,
2450,4957,,
2493,4958,,
2603,2171,,
2585,4959,,
2489,4960,,
2467,4961,,
2475,4962,,
2604,4963,,
2474,4964,,
2605,4965,,
2467,4966,,
2606,4967,,
2607,4968,,
2489,4969,,
2476,4970,,
2474,4971,,
2608,4972,,
2467,4973,,
2572,4974,,
2602,4975,,
2609,4976,,
2474,4977,,
2610,4978,,
2466,4979,,
2467,4980,,
2603,4981,,
2611,4982,,
2416,4983,,
2420,4984,,
2436,4985,,
2612,4986,,
2613,4987,,
2379,4988,,
2525,4989,,
2503,4990,,
2503,4991,,
2614,4992,,
2525,4993,,
2291,4994,,
2505,4995,,
2416,4996,,
2309,4997,,
2505,4998,,
2497,4999,,
2420,5000,,
2396,5001,,
2503,5002,,
2264,5003,,
2415,5004,,
2229,5005,,
2529,5006,,
2615,5007,,
2353,5008,,
2616,5009,,
2617,5010,,
2618,5011,,
2335,5012,,
2619,5013,,
2620,5014,,
2203,5015,,
2233,5016,,
2217,5017,,
2621,5016,,
2241,5018,,
2622,5019,,
2623,5020,,
2354,4391,,
2237,5021,,
2320,5021,,
2290,5021,,
2624,5022,,
2625,5023,,
2245,5024,,
2228,4391,,
2252,5025,,
2626,5021,,
2627,5023,,
2207,4391,,
2628,5019,,
2629,5026,,
2630,5027,,
2331,5021,,
2631,5028,,
2217,5021,,
2393,5029,,
2219,5025,,
2632,5027,,
2633,5022,,
2634,5028,,
2635,5020,,
2262,5028,,
2636,5030,,
2368,5023,,
2221,5031,,
2637,5026,,
2638,5027,,
2639,5030,,
2640,5030,,
2641,5025,,
2642,5027,,
2643,5019,,
2644,5020,,
2645,5022,,
2646,5027,,
2647,5032,,
2648,5033,,
2649,5034,,
2650,5035,,
2651,2482,,
2652,5036,,
2653,5037,,
2654,5038,,
2655,5039,,
2656,5040,,
2657,5041,,
2658,5042,,
2659,5043,,
2660,5044,,
2661,5045,,
2662,5046,,
2663,5047,,
2664,5048,,
2665,1041,,
2666,5049,,
233,5050,,
2667,5051,,
2668,5052,,
2669,5053,,
2670,5054,,
2671,5055,,
428,5056,,
2672,5057,,
2673,5058,,
2674,5059,,
2675,5060,,
430,5061,,
2676,5062,,
2677,5063,,
2678,5064,,
2679,5065,,
2680,5066,,
2681,5067,,
2682,5068,,
2683,5069,,
2684,5070,,
2685,5071,,
2686,5072,,
2687,5073,,
234,5074,,
2688,5075,,
2689,5076,,
421,5077,,
2690,5078,,
2691,5079,,
2692,5080,,
2693,5081,,
2694,5082,,
2695,5083,,
2696,5084,,
2697,5085,,
2698,5086,,
2699,5087,,
2700,5088,,
2701,3200,,
2702,5089,,
2703,5090,,
2704,5091,,
2705,5092,,
2706,5093,,
2707,5094,,
2708,5095,,
280,4007,,
2709,5096,,
2710,5097,,
2711,613,,
2712,5098,,
2713,5099,,
2714,5100,,
2715,5101,,
2716,5102,,
2717,5103,,
2718,5104,,
2719,5105,,
2720,5106,,
2721,5107,,
2722,5108,,
2723,5109,,
2724,5110,,
2725,5111,,
2726,5112,,
2727,5113,,
2728,5114,,
2729,5115,,
2730,5116,,
2731,5117,,
2732,5118,,
2733,5119,,
2734,5120,,
2735,5121,,
317,5122,,
2736,5123,,
2737,5124,,
2738,5125,,
2739,5126,,
2740,5127,,
2741,5128,,
2742,5129,,
2743,5130,,
2744,5131,,
2745,5132,,
2746,5133,,
2747,5134,,
2748,5135,,
2749,5136,,
2750,138,,
2751,5137,,
2752,5138,,
2753,5139,,
2754,5140,,
2755,5141,,
2756,5142,,
2757,5143,,
2758,5144,,
2759,5145,,
2760,5146,,
277,5147,,
2761,5148,,
2762,5149,,
2763,5150,,
2764,5151,,
2765,5152,,
2766,5153,,
2767,5154,,
2768,5155,,
2769,5156,,
2612,5157,,
2770,5158,,
2771,5159,,
2772,5160,,
2773,5161,,
2774,5162,,
2775,5163,,
2776,5164,,
2777,5165,,
2778,5166,,
2779,5167,,
2780,5168,,
2781,5169,,
2782,5170,,
2783,5171,,
2784,5172,,
164,5173,,
2785,5174,,
2786,5175,,
2787,5176,,
2788,5177,,
2789,5178,,
2790,5179,,
2791,5180,,
2792,5181,,
2793,5182,,
228,5183,,
2794,5184,,
2795,5185,,
2796,5186,,
2797,5187,,
2798,5188,,
2799,5189,,
2800,5190,,
2801,5191,,
2802,5192,,
2803,5193,,
2804,5194,,
2805,5195,,
2806,5196,,
2807,5197,,
2808,5198,,
2809,5199,,
2810,5200,,
2811,5201,,
2812,5202,,
2813,5203,,
2814,5204,,
2815,5205,,
2816,5206,,
2817,5207,,
2818,5208,,
2819,5209,,
2820,5210,,
2821,5211,,
2822,5212,,
2823,5213,,
2824,5214,,
2825,5215,,
2826,5216,,
2827,5217,,
2828,5218,,
2829,5219,,
2830,5220,,
2831,5221,,
2832,5222,,
2833,2793,,
2834,5223,,
2835,5224,,
2836,5225,,
2837,5226,,
2838,5227,,
2839,5228,,
2840,5229,,
2841,5230,,
2842,5231,,
2843,5232,,
2844,5233,,
2845,5234,,
2846,5235,,
2847,5236,,
2848,4173,,
2849,5237,,
2850,5238,,
2851,5239,,
2852,5240,,
2853,5241,,
2854,5242,,
2855,5243,,
2856,5244,,
2857,5245,,
2858,5246,,
2859,5247,,
2860,5248,,
2861,5249,,
2862,5250,,
2863,5251,,
2864,5252,,
2865,5253,,
2866,5254,,
2867,5255,,
2868,5256,,
2869,5257,,
2870,5258,,
2871,5259,,
2872,5260,,
2873,5261,,
2874,5262,,
2875,5263,,
2876,5264,,
2877,5265,,
2878,5266,,
2879,5267,,
2880,5268,,
2881,5269,,
2882,5270,,
2883,5271,,
400,5272,,
2884,5273,,
2885,5274,,
2886,5275,,
2887,5276,,
2888,5277,,
2889,5278,,
2890,5279,,
2891,5280,,
2892,5281,,
2893,5282,,
2894,5283,,
2895,5284,,
2896,5285,,
2897,5286,,
2898,5287,,
2899,5288,,
2900,5289,,
2901,5290,,
2902,5291,,
2903,5292,,
2904,5293,,
2905,5294,,
2906,5295,,
2907,5296,,
2908,5297,,
2909,5298,,
2910,5299,,
2911,5300,,
276,5301,,
2912,5302,,
2913,5303,,
2914,3692,,
2915,5304,,
2916,5305,,
2917,5306,,
2918,5307,,
2919,5308,,
2920,5309,,
2921,5310,,
2922,5311,,
2923,5312,,
2924,5313,,
2925,5314,,
2926,5315,,
2927,5316,,
2928,5317,,
2929,5318,,
2930,5319,,
2931,5320,,
2932,5321,,
376,5322,,
2933,5323,,
2934,5324,,
2935,5325,,
2936,5326,,
2937,5327,,
2938,5328,,
2939,2218,,
2940,5329,,
2941,5330,,
2942,5331,,
2943,5332,,
339,5333,,
2944,5334,,
2945,3714,,
2946,5335,,
2947,5336,,
2948,5337,,
2949,5338,,
2950,5339,,
2951,5340,,
2952,5341,,
2953,5342,,
2954,5343,,
2955,5344,,
2956,5345,,
2957,5346,,
2958,5347,,
2959,5348,,
2960,5349,,
2961,5350,,
2962,5351,,
2963,5352,,
2964,5353,,
2965,5354,,
2966,5355,,
2967,5356,,
2968,5357,,
2969,5358,,
2970,5359,,
2971,5360,,
2972,5361,,
2973,5362,,
2974,5363,,
2975,5364,,
2976,5365,,
2977,5366,,
2978,5367,,
2979,5368,,
2980,5369,,
2981,5370,,
2982,5371,,
301,5372,,
2983,5373,,
2984,5374,,
2985,5375,,
2986,5376,,
2987,5377,,
2988,5378,,
2989,5379,,
2990,5380,,
2991,5381,,
2992,696,,
2993,5382,,
2994,5383,,
2995,5384,,
2996,5385,,
2997,5386,,
2998,5387,,
2999,5388,,
3000,5389,,
3001,5390,,
3002,5391,,
3003,5392,,
3004,5393,,
3005,5394,,
3006,5395,,
3007,5396,,
3008,5397,,
3009,5398,,
3010,5399,,
3011,5400,,
3012,5401,,
3013,5402,,
3014,5403,,
3015,5404,,
3016,5405,,
3017,5406,,
3018,5407,,
3019,5408,,
236,5409,,
3020,5410,,
3021,5411,,
3022,5412,,
3023,5413,,
3024,5414,,
3025,5415,,
3026,5416,,
3027,5417,,
3028,5418,,
420,5419,,
3029,5420,,
3030,5421,,
3031,5422,,
3032,5423,,
3033,5424,,
3034,5425,,
3035,5426,,
3036,5427,,
3037,5428,,
3038,5429,,
3039,5430,,
381,5431,,
3040,5432,,
3041,5433,,
3042,5434,,
3043,5435,,
419,5436,,
3044,5437,,
3045,5438,,
3046,5439,,
3047,5440,,
3048,5441,,
3049,5442,,
3050,5443,,
3051,5444,,
3052,5445,,
3053,5446,,
3054,5447,,
3055,5448,,
3056,5449,,
3057,5450,,
3058,5451,,
3059,5452,,
3060,5453,,
3061,5454,,
3062,5455,,
3063,5456,,
3064,5457,,
3065,5458,,
298,5459,,
3066,5460,,
3067,5461,,
3068,5462,,
3069,5463,,
3070,5464,,
3071,5465,,
3072,5466,,
3073,5467,,
3074,5468,,
3075,5469,,
3076,5470,,
3077,5471,,
3078,5472,,
3079,5473,,
3080,5474,,
3081,5475,,
3082,5476,,
3083,5477,,
3084,5478,,
3085,5479,,
3086,5480,,
3087,5481,,
3088,5482,,
3089,5483,,
3090,5484,,
3091,5485,,
3092,5486,,
3093,5487,,
3094,5488,,
3095,5489,,
3096,5490,,
3097,5491,,
3098,5492,,
3099,5493,,
3100,5494,,
3101,5495,,
3102,4639,,
3103,5496,,
3104,5497,,
3105,5498,,
3106,5499,,
3107,5500,,
3108,5501,,
3109,5502,,
3110,5503,,
3111,5504,,
3112,5505,,
3113,5506,,
3114,5507,,
3115,5508,,
3116,5509,,
3117,5510,,
3118,5511,,
3119,5512,,
3120,5513,,
3121,5514,,
3122,5515,,
3123,5516,,
3124,5517,,
3125,5518,,
3126,5519,,
3127,5520,,
3128,5521,,
3129,5522,,
3130,5523,,
3131,5524,,
3132,5525,,
3133,5526,,
3134,5527,,
3135,5528,,
3136,5529,,
3137,5530,,
3138,5531,,
3139,5532,,
3140,5533,,
3141,5534,,
3142,5535,,
445,5536,,
3143,5537,,
3144,5538,,
3145,5539,,
3146,5540,,
3147,5541,,
3148,5542,,
3149,5543,,
287,5544,,
3150,5545,,
3151,5546,,
3152,5547,,
3153,5548,,
3154,5549,,
3155,5550,,
3156,5551,,
3157,5552,,
3158,5553,,
3159,5554,,
3160,5555,,
3161,5556,,
3162,5557,,
3163,5558,,
3164,5559,,
3165,5560,,
3166,5561,,
429,5562,,
3167,5563,,
3168,5564,,
3169,5565,,
3170,5566,,
2651,5567,,
2650,5568,,
2655,5569,,
2658,5570,,
2656,5571,,
2657,5572,,
2654,5573,,
351,5574,,
2660,5575,,
2652,5576,,
2669,5577,,
2665,5578,,
2667,5579,,
2670,5580,,
2673,5581,,
2666,5582,,
2672,5583,,
2677,5584,,
2676,5585,,
2659,5586,,
2679,5587,,
2678,5588,,
2687,5589,,
2686,5590,,
2685,5591,,
234,5592,,
2692,5593,,
2684,5594,,
2691,5595,,
2694,5596,,
2680,5597,,
2681,5598,,
2689,5599,,
2697,5600,,
2693,5601,,
2698,5602,,
421,5603,,
2701,5604,,
2690,5605,,
2705,5606,,
2703,5607,,
2708,5608,,
2700,5609,,
2706,5610,,
2709,5611,,
280,5612,,
2721,5613,,
2716,5614,,
2715,5615,,
2710,5616,,
2719,5617,,
2714,5618,,
2726,5619,,
2724,5620,,
2722,5621,,
2729,5622,,
2727,5623,,
2731,5624,,
2733,5625,,
2735,5626,,
2718,5627,,
2737,5628,,
317,5629,,
2734,5630,,
2732,5631,,
2741,5632,,
2728,5633,,
2746,5634,,
2742,5635,,
2747,5636,,
2739,5637,,
2750,5638,,
2740,5639,,
2749,5640,,
2745,5641,,
282,5642,,
2752,5643,,
2744,5644,,
2736,5645,,
2757,5646,,
2751,5647,,
2753,5648,,
2760,5649,,
2754,5650,,
2758,5651,,
277,5652,,
2766,5653,,
2762,3904,,
2764,2587,,
2767,5654,,
2761,5655,,
2770,5656,,
2756,5657,,
2772,5658,,
2769,5659,,
2771,5660,,
2763,5661,,
2765,5662,,
2779,5663,,
2780,5664,,
2782,5665,,
2768,5666,,
2777,5667,,
2778,5668,,
2785,5669,,
2787,5670,,
2788,5671,,
2789,5672,,
2791,5673,,
2781,5674,,
2792,5675,,
2793,5676,,
2795,5677,,
2775,5678,,
2794,5679,,
2796,5680,,
228,5681,,
2802,5682,,
2797,5683,,
2805,5684,,
190,5685,,
2804,5686,,
2807,5687,,
2811,5688,,
2809,5689,,
2806,5690,,
2808,5691,,
2803,5692,,
2810,5693,,
2812,5694,,
2818,5695,,
2817,5696,,
2814,5697,,
2819,5698,,
2822,5699,,
2826,5700,,
2823,5701,,
2827,5702,,
2830,5703,,
2821,5704,,
2831,5705,,
2832,5706,,
2834,5707,,
2828,5708,,
2833,5709,,
2836,5710,,
2838,5711,,
2837,5712,,
2841,5713,,
2844,5714,,
2842,5715,,
2846,5716,,
2845,5717,,
2849,5718,,
2848,5719,,
2850,5720,,
2855,5721,,
2860,5722,,
2859,5723,,
2856,5724,,
2853,5725,,
2862,5726,,
2858,5727,,
2863,2758,,
2864,5728,,
2867,5729,,
2857,5730,,
2871,5731,,
2869,5732,,
2880,5733,,
2876,3330,,
2877,5734,,
2875,5735,,
2881,5736,,
2878,5737,,
2883,5738,,
2890,5739,,
2887,5740,,
2888,5741,,
2892,3368,,
2889,5742,,
2891,5743,,
2897,5744,,
2895,5745,,
2902,5746,,
2900,5747,,
2903,5748,,
2899,5749,,
2906,5750,,
2909,5751,,
2893,5752,,
2901,5753,,
2908,5754,,
2911,5755,,
2898,5756,,
276,5757,,
2913,5758,,
2912,5759,,
2907,5760,,
2905,5761,,
2914,5762,,
2915,5763,,
305,5764,,
2918,5765,,
2921,5766,,
2920,5767,,
2924,5768,,
2922,5769,,
2923,5770,,
2925,5771,,
2928,5772,,
2927,5773,,
2930,5774,,
2929,5775,,
417,5776,,
3171,5777,,
2932,5778,,
2935,5779,,
2938,2587,,
2940,5780,,
339,5781,,
2944,5782,,
2942,5783,,
2941,5784,,
2945,5785,,
2943,5786,,
2948,306,,
2951,5787,,
2950,211,,
2953,5788,,
2954,5789,,
2955,5790,,
2956,5791,,
2957,5792,,
2958,5793,,
2960,5794,,
2961,5795,,
2963,5796,,
2962,5797,,
2966,5798,,
2968,5799,,
2970,5800,,
2974,5801,,
2972,5802,,
2976,5803,,
2975,5804,,
2973,5805,,
2978,5806,,
2977,5807,,
2981,5808,,
2984,5809,,
2971,5810,,
2985,5811,,
2983,5812,,
2986,5813,,
2988,5814,,
2987,5815,,
2992,5816,,
2993,5817,,
2999,5818,,
2997,5819,,
2989,5820,,
3003,5821,,
2651,5822,,
2658,5823,,
2648,5824,,
2657,5825,,
2653,5826,,
2652,5827,,
2649,5828,,
2654,5829,,
2664,5830,,
2662,5831,,
2660,5832,,
233,5833,,
2669,5834,,
428,5835,,
2668,5836,,
2674,5837,,
2672,5838,,
2659,5839,,
2671,5840,,
2679,5841,,
2687,5842,,
2682,5843,,
430,5844,,
2683,5845,,
2694,5846,,
2688,5847,,
2689,5848,,
234,5849,,
2681,5850,,
2680,5851,,
421,5852,,
2690,5853,,
2701,5854,,
2695,5855,,
2704,5856,,
2698,5857,,
2708,5858,,
2700,5859,,
2705,5860,,
2706,5861,,
2692,5862,,
280,5863,,
2707,5864,,
2709,5865,,
2699,5866,,
2720,5867,,
2716,5868,,
2719,5869,,
2724,5870,,
2713,5871,,
2726,5872,,
2722,5873,,
2727,5874,,
2718,5875,,
2733,5876,,
2725,5877,,
2732,5878,,
2734,5879,,
2741,5880,,
2728,5881,,
2746,5882,,
2739,5883,,
2742,5884,,
2749,5885,,
2750,5886,,
282,5887,,
2744,5888,,
277,5889,,
2758,5890,,
2753,5891,,
2759,5892,,
2766,5893,,
2764,5894,,
2761,5895,,
2770,61,,
2767,5896,,
126,5897,,
2612,5898,,
2765,5899,,
2771,5900,,
2779,5901,,
2773,5902,,
2776,5903,,
2777,5904,,
2787,5905,,
2785,5906,,
2783,5907,,
2791,5908,,
2788,5909,,
2792,5910,,
2793,5911,,
2781,5912,,
2795,5913,,
2775,5914,,
2796,5915,,
228,5916,,
2800,5917,,
2802,5918,,
2805,5919,,
2809,5920,,
2803,5921,,
2810,5922,,
2806,5923,,
2812,5924,,
2817,5925,,
2813,5926,,
2818,5927,,
2815,5928,,
2814,5929,,
2820,5930,,
3172,5931,,
3173,5932,,
3174,4657,,
3175,5933,,
3176,2856,,
3177,5934,,
3178,5935,,
3179,5936,,
3180,4820,,
3181,5937,,
3182,5938,,
3183,5939,,
3184,5940,,
3185,5941,,
3186,5942,,
3187,5943,,
3188,5944,,
3189,5945,,
3190,5946,,
3191,5947,,
3192,5948,,
3193,5949,,
3194,5950,,
3195,5951,,
3196,5952,,
3197,5953,,
3198,5954,,
3199,5955,,
3200,5956,,
3201,5957,,
3202,4657,,
3203,5958,,
3204,5959,,
3205,5960,,
3206,2800,,
3207,5961,,
3208,5962,,
3209,5963,,
3210,3746,,
3211,5964,,
3212,5965,,
3213,5966,,
3214,5967,,
3215,5393,,
3216,5968,,
3217,5969,,
3218,5970,,
3219,5971,,
3220,5972,,
3221,5973,,
3222,5974,,
3223,5975,,
3224,5976,,
3225,5977,,
3226,5978,,
3227,5979,,
3228,5980,,
3229,5981,,
3230,5982,,
3231,5983,,
3232,5984,,
3233,5985,,
3234,5986,,
3235,5987,,
3236,5988,,
3237,5989,,
3238,5990,,
3239,4079,,
3240,5991,,
3241,5992,,
3242,5993,,
3243,5994,,
3244,5995,,
3245,5996,,
3246,5997,,
3247,5998,,
3248,5999,,
3249,6000,,
3250,6001,,
3251,6002,,
3252,6003,,
3253,6004,,
3254,6005,,
3255,6006,,
3256,6007,,
3257,6008,,
3258,6009,,
3259,6010,,
3260,6011,,
3261,6012,,
3262,6013,,
3263,6014,,
3264,6015,,
3265,6016,,
3266,6017,,
3267,3933,,
3268,6018,,
3269,6019,,
3270,6020,,
3271,6021,,
3272,6022,,
3273,6023,,
3274,6024,,
3275,6025,,
3276,6026,,
3277,6027,,
3278,6028,,
3279,6029,,
3280,6030,,
3281,6031,,
3282,6032,,
3283,6033,,
3284,6034,,
3285,6035,,
2540,6036,,
3286,6037,,
3287,6038,,
3288,6039,,
3289,6040,,
3290,6041,,
3291,6042,,
3292,6043,,
3293,6044,,
3294,6045,,
3295,6046,,
3296,6047,,
3297,6048,,
3298,6049,,
3299,6050,,
3300,6051,,
3301,6052,,
3302,6053,,
3303,6054,,
3304,6055,,
3305,6056,,
3306,6057,,
3307,6058,,
3308,6059,,
3309,6060,,
3310,6061,,
3311,6062,,
3312,1962,,
3313,6063,,
3314,6064,,
3315,6065,,
3316,6066,,
3317,6067,,
3318,6068,,
3319,6069,,
3320,6070,,
3321,6071,,
3322,6072,,
3323,6073,,
3324,6074,,
3325,6075,,
3326,6076,,
3327,6077,,
3328,6078,,
3329,6079,,
3330,6080,,
3331,6081,,
3332,6082,,
3333,6083,,
3334,6084,,
3335,6085,,
3336,6086,,
3337,6087,,
3338,6088,,
3339,6089,,
3340,6090,,
3341,6091,,
3342,6092,,
3343,6093,,
3344,6094,,
3345,6095,,
3346,6096,,
3347,6097,,
3348,6098,,
3349,6099,,
3350,6100,,
3351,6101,,
3352,6102,,
3353,6103,,
3354,6104,,
3355,5998,,
3356,6105,,
3357,6106,,
3358,6107,,
3359,6108,,
3360,6109,,
3361,6110,,
3362,6111,,
3363,6112,,
3364,6113,,
3365,6114,,
3366,6115,,
3367,6116,,
3368,6117,,
3369,6118,,
3370,6119,,
3371,6120,,
3372,6121,,
3373,6122,,
3374,6123,,
3375,6124,,
3376,6125,,
3377,6126,,
3378,6127,,
3379,6128,,
3380,6129,,
3381,6130,,
3382,6131,,
3383,6132,,
3384,6133,,
3385,6134,,
3386,6135,,
3387,6136,,
3388,6137,,
3389,6138,,
3390,6139,,
3391,6140,,
3392,6141,,
3393,6142,,
3394,6143,,
3395,6144,,
3396,6145,,
3397,6146,,
3398,6147,,
3399,6148,,
3400,6149,,
3401,6150,,
3402,1962,,
3403,6151,,
3404,6152,,
3405,6153,,
3406,6154,,
3407,6155,,
3408,6156,,
3409,6157,,
3410,6158,,
3411,6159,,
3412,6160,,
3413,6161,,
3414,6162,,
3415,6163,,
3416,6164,,
3417,6165,,
3418,6166,,
3419,6167,,
3420,6168,,
3421,6169,,
3422,6170,,
3423,6171,,
3424,6172,,
3425,6173,,
3426,6174,,
3427,6175,,
3428,6176,,
3429,6177,,
3430,6178,,
3431,6179,,
3432,6180,,
3433,6181,,
3434,6182,,
3435,6183,,
3436,6184,,
3437,6185,,
3438,6186,,
3439,6187,,
3440,6188,,
3441,6189,,
3442,6190,,
3443,6191,,
3444,6192,,
3445,6193,,
3446,6194,,
3447,6195,,
3448,6196,,
3449,6197,,
3450,6198,,
3451,6199,,
3452,6200,,
3453,6201,,
3454,6202,,
3455,6203,,
3456,6204,,
3457,6205,,
3458,6206,,
3459,6207,,
3172,6208,,
3173,6209,,
3174,6210,,
3175,6211,,
3177,6212,,
3176,6213,,
3179,6214,,
3181,6215,,
3180,6216,,
3178,6217,,
3184,3346,,
3185,6218,,
3182,6219,,
3183,6220,,
3187,6221,,
3188,6222,,
3186,6223,,
3189,6224,,
3190,6225,,
3191,6226,,
3192,6227,,
3195,6228,,
3194,6229,,
3193,6230,,
3199,5640,,
3197,6231,,
3202,6232,,
3203,6233,,
3200,6234,,
3201,6235,,
3198,6236,,
3204,6237,,
3196,6238,,
3205,6239,,
3206,6240,,
3209,6241,,
3210,6242,,
3208,6243,,
3207,6244,,
3211,6245,,
3212,6246,,
3214,6247,,
3216,6248,,
3213,6249,,
3218,6250,,
3217,6251,,
3219,6252,,
3215,6253,,
3223,6254,,
3222,6255,,
3220,6256,,
3225,6257,,
3226,6258,,
3224,6259,,
3227,6260,,
3229,6261,,
3230,6262,,
3228,6263,,
3231,6264,,
3232,6265,,
3233,6266,,
3234,6267,,
3221,6268,,
3236,3656,,
3238,6269,,
3237,6270,,
3235,5897,,
3241,6271,,
3239,6272,,
3243,6273,,
3244,6274,,
3246,6275,,
3240,4024,,
3247,5404,,
3248,6276,,
3249,6277,,
3252,6278,,
3245,6279,,
3251,6280,,
3250,6281,,
3253,6282,,
3257,6283,,
3254,6284,,
3255,6285,,
3258,6286,,
3261,6287,,
3260,6288,,
3263,6289,,
3256,6290,,
3262,6291,,
3264,5987,,
3259,6292,,
3266,6293,,
3267,6294,,
3268,6295,,
3265,6296,,
3269,6297,,
3271,6298,,
3273,6299,,
3270,6300,,
3272,6301,,
3275,6302,,
3274,291,,
3277,6303,,
3276,6304,,
3280,6305,,
3278,6306,,
3281,6307,,
3279,6308,,
3283,6309,,
3284,6310,,
3282,6311,,
3286,6312,,
2540,6313,,
3287,6314,,
3288,5947,,
3289,6315,,
3290,6316,,
3292,6317,,
3285,6318,,
3293,6319,,
3291,6320,,
3294,6321,,
3296,6322,,
3297,6323,,
3298,6324,,
3299,6325,,
3295,6326,,
3300,6327,,
3301,6328,,
3303,6329,,
3304,6330,,
3306,6331,,
3302,6332,,
3307,6333,,
3308,6334,,
3310,6335,,
3311,6336,,
3312,6337,,
3313,6338,,
3309,6339,,
3316,6340,,
3315,6341,,
3317,3766,,
3314,3766,,
3318,6342,,
3321,6343,,
3320,6344,,
3322,6345,,
3323,6346,,
3325,6347,,
3324,6348,,
3326,6349,,
3327,6350,,
3328,6351,,
3331,6352,,
3329,6353,,
3330,6354,,
3333,6355,,
3319,6356,,
3332,6357,,
3334,6358,,
3335,6359,,
3339,6360,,
3338,6361,,
3337,6362,,
3336,6363,,
3340,6364,,
3341,6365,,
3342,6366,,
3344,6367,,
3343,6368,,
3345,6369,,
3346,6370,,
3347,6371,,
3348,625,,
3350,6372,,
3351,6373,,
3349,6374,,
3353,6375,,
3352,6376,,
3354,6377,,
3355,6378,,
3356,6379,,
3357,6380,,
3358,6381,,
3359,6382,,
3361,6383,,
3360,6384,,
3362,6385,,
3363,6386,,
3364,6387,,
3365,6388,,
3366,6389,,
3367,6390,,
3368,6391,,
3173,4842,,
3172,6392,,
3174,6393,,
3175,6394,,
3179,527,,
3176,6395,,
3180,211,,
3178,6396,,
3184,6397,,
3185,6398,,
3182,6399,,
3188,6400,,
3186,2856,,
3187,3636,,
3183,6401,,
3189,6402,,
3190,6276,,
3191,6403,,
3192,6404,,
3195,6405,,
3194,6406,,
3197,6407,,
3199,6408,,
3193,6409,,
3200,6410,,
3202,6411,,
3203,6412,,
3201,6413,,
3198,6414,,
3196,6415,,
3205,6416,,
3204,6417,,
3206,6418,,
3209,6419,,
3210,6420,,
3208,6421,,
3211,6422,,
3207,657,,
3212,6423,,
3216,6424,,
3218,6425,,
3213,3354,,
3214,6426,,
3217,6427,,
3219,6428,,
3222,6429,,
3223,6430,,
3225,6431,,
3224,6432,,
3215,6433,,
3226,6434,,
3227,6435,,
3229,6436,,
3220,6437,,
3230,6438,,
3228,6439,,
3231,6440,,
3232,6147,,
3233,6441,,
3234,6442,,
3238,6443,,
3235,6444,,
3221,6445,,
3236,6446,,
3237,6447,,
3241,4643,,
3239,6448,,
3244,6449,,
3243,6450,,
3242,6451,,
3246,6452,,
3240,6453,,
3247,6454,,
3248,6455,,
3251,6456,,
3250,6457,,
3252,6458,,
3253,6459,,
3245,6460,,
3254,6461,,
3257,6462,,
3255,6463,,
3258,6464,,
3261,6465,,
3260,6466,,
3263,6467,,
3264,6468,,
3259,6469,,
3266,3667,,
3267,6470,,
3256,6471,,
3268,6472,,
3269,6473,,
3273,6474,,
3271,6475,,
3460,6476,,
3461,6477,,
3462,6478,,
3463,6479,,
3464,6480,,
3465,6481,,
3466,6482,,
3467,6483,,
3468,6484,,
3469,3566,,
3470,6485,,
3471,6486,,
3472,6487,,
3473,6488,,
3474,6489,,
3475,6490,,
3476,6491,,
3477,6492,,
3478,6493,,
3479,6494,,
3480,6495,,
3481,6496,,
3482,6497,,
3483,6498,,
3484,6499,,
3485,6500,,
3486,6501,,
3487,6502,,
3488,6503,,
3489,6504,,
3490,6505,,
3491,6506,,
3492,6507,,
3493,6508,,
3494,6509,,
3495,6510,,
3496,6511,,
3497,6512,,
3498,6513,,
3499,6514,,
3500,6515,,
3501,6516,,
3502,6517,,
3503,6518,,
3504,6519,,
3505,6520,,
3506,6521,,
3507,6522,,
3508,6523,,
3509,6524,,
3510,6525,,
3511,6526,,
3512,6527,,
3513,6528,,
3514,6529,,
3515,6530,,
3516,6531,,
3517,6532,,
3518,6533,,
3519,6534,,
3520,6535,,
3521,6536,,
3522,6537,,
3523,6538,,
3524,6539,,
3525,6540,,
3526,6541,,
3527,6542,,
3528,6543,,
3529,6544,,
3530,6545,,
3531,6546,,
3532,6547,,
3533,6548,,
3534,5775,,
3535,6549,,
3536,6550,,
3537,6551,,
3538,6552,,
3539,6553,,
3540,6554,,
3541,6555,,
3542,6556,,
3543,6557,,
3544,6558,,
3545,6559,,
3546,3494,,
3547,6560,,
3548,6561,,
3549,6562,,
3550,6563,,
3551,6564,,
3552,6565,,
3553,6566,,
3554,6567,,
3555,6568,,
3556,6569,,
3557,2689,,
3558,6570,,
3559,6571,,
3560,6572,,
3561,6573,,
3562,6574,,
3563,6575,,
3564,6576,,
3565,6577,,
3566,6578,,
3567,6579,,
3568,6580,,
3569,6581,,
3570,6582,,
3571,6583,,
3572,6584,,
3573,6585,,
3574,6586,,
3575,6587,,
3576,6588,,
3577,6589,,
3578,6590,,
3579,6591,,
3580,6592,,
3581,6593,,
3582,6594,,
3583,6595,,
3584,6596,,
3585,6597,,
3586,6598,,
3587,6599,,
3588,6600,,
3589,6601,,
3590,6602,,
3591,6603,,
3592,6604,,
3593,6605,,
3594,6606,,
3595,6607,,
3596,6608,,
3597,6609,,
3598,6610,,
3599,6611,,
3600,6612,,
3601,6613,,
3602,6614,,
3603,6615,,
3604,6616,,
3605,6617,,
3606,6618,,
3607,6619,,
3608,6620,,
3609,3333,,
3610,6621,,
3611,6622,,
3612,6623,,
3613,6624,,
3614,6625,,
3615,6626,,
3616,6627,,
3617,6628,,
3618,6629,,
3619,6630,,
3620,6631,,
3621,6632,,
3622,6633,,
3623,6634,,
3624,6635,,
3625,6636,,
3626,4273,,
3627,6637,,
3628,6638,,
3629,6639,,
3630,6640,,
3631,6641,,
3632,6642,,
3633,6643,,
3634,6644,,
3635,6645,,
3636,6646,,
3637,6647,,
3638,6648,,
3639,6649,,
3640,6650,,
3641,6651,,
3642,5699,,
3643,6652,,
3644,6653,,
3645,6654,,
3646,6655,,
3647,6656,,
3648,6657,,
3649,6658,,
3650,6659,,
3651,6660,,
3652,6661,,
3653,6662,,
3654,6663,,
3655,6664,,
3656,6665,,
3657,6666,,
3658,6667,,
3659,6668,,
3660,6669,,
3661,6670,,
3662,6671,,
3663,6672,,
3664,6673,,
3665,6674,,
3666,6675,,
3667,6676,,
3164,6677,,
3668,6678,,
3669,6679,,
3670,6680,,
3671,6681,,
3672,6682,,
3673,3267,,
3674,6683,,
3675,6684,,
3676,6685,,
3677,6686,,
3678,6687,,
3679,6688,,
3680,6689,,
3681,6690,,
3682,6691,,
3683,6692,,
3684,3502,,
3685,6693,,
3686,6694,,
3687,6695,,
3688,6696,,
3689,6697,,
3690,6698,,
3691,6699,,
3692,6700,,
3693,6701,,
3694,6702,,
3695,6703,,
3696,6704,,
3697,6705,,
3698,6706,,
3699,6707,,
3700,6708,,
3701,6709,,
3702,6710,,
3703,5592,,
3704,6711,,
3705,6712,,
3706,6713,,
3707,6714,,
3708,6715,,
3709,6716,,
3710,6717,,
3711,6718,,
3712,6719,,
3713,6720,,
3714,6721,,
3715,6722,,
3716,6723,,
3717,6724,,
3718,6725,,
3719,6726,,
3720,6727,,
3721,6728,,
3722,6729,,
3723,6730,,
3724,6731,,
3725,6732,,
3726,6733,,
3727,6734,,
3728,6735,,
3729,6736,,
3730,6737,,
3731,1891,,
3732,6738,,
3733,4058,,
3734,6739,,
3735,6740,,
3736,6741,,
3737,6742,,
3738,6743,,
3739,6744,,
3740,2945,,
3741,6745,,
3742,4054,,
3743,6746,,
3744,6747,,
3745,6748,,
3746,6749,,
3747,6750,,
3748,6751,,
3749,6752,,
3750,6753,,
3751,6754,,
3752,6755,,
3753,6756,,
3754,2342,,
3755,6757,,
3756,6758,,
3757,6759,,
3758,6760,,
3759,6761,,
3760,6762,,
3761,6763,,
3762,6764,,
3763,6765,,
3764,6766,,
3765,6767,,
3766,6768,,
3767,6769,,
3768,6770,,
3769,6771,,
3770,6772,,
3771,6773,,
3772,6774,,
3773,6775,,
3774,6776,,
3775,6777,,
3776,6778,,
3777,6779,,
3778,6780,,
3779,6781,,
3780,6782,,
3781,6783,,
3782,6784,,
3783,6785,,
3784,6786,,
3785,6787,,
3786,6788,,
3787,6789,,
3788,6790,,
3789,6791,,
3790,6792,,
3791,6793,,
3792,6794,,
3793,6795,,
3794,6796,,
3795,6797,,
3796,6798,,
3797,6799,,
3798,6800,,
3799,6801,,
3800,6802,,
3801,6803,,
3802,6804,,
3803,6805,,
3804,6806,,
3805,6807,,
3806,6808,,
3807,6809,,
3808,6810,,
3809,6811,,
3810,6812,,
3811,6813,,
3812,6814,,
3813,6815,,
3814,6816,,
3815,6817,,
3816,6818,,
3817,6819,,
3818,6820,,
3819,6821,,
3820,6822,,
3821,6823,,
3822,6824,,
3823,6825,,
3824,6826,,
3825,6827,,
3826,6828,,
3827,6829,,
3828,6830,,
3829,6831,,
3830,6832,,
3831,6833,,
3832,6834,,
3833,6835,,
3834,6836,,
3835,6837,,
3836,6838,,
3837,6839,,
3838,6840,,
3839,6841,,
3840,6842,,
3841,6843,,
3842,6844,,
3843,6845,,
3844,6846,,
3845,6847,,
3846,6848,,
3847,6849,,
3848,6850,,
3849,6851,,
3850,6852,,
3851,6853,,
3852,6854,,
3853,6855,,
3854,6856,,
3855,6857,,
3856,6858,,
3857,6859,,
3858,6860,,
3859,6861,,
3460,6862,,
3461,6863,,
3463,6864,,
3465,6865,,
3466,6866,,
3467,6867,,
3469,6868,,
3464,6869,,
3471,6870,,
3474,6871,,
3475,6872,,
3477,6873,,
3472,6874,,
3479,4273,,
3480,6875,,
3481,6876,,
3483,6877,,
3484,6878,,
3485,6879,,
3487,6880,,
3489,6881,,
3486,6882,,
3488,6883,,
3491,6884,,
3490,6885,,
3492,6886,,
3493,6887,,
3494,6888,,
3496,6889,,
3495,6890,,
3498,6891,,
3499,6892,,
3501,6893,,
3500,6894,,
3503,6895,,
3504,6896,,
3505,6897,,
3507,6898,,
3502,6899,,
3506,6900,,
3508,6901,,
1503,6902,,
3509,6903,,
3510,3601,,
3512,6904,,
3513,6905,,
3514,6906,,
3515,6907,,
3518,6908,,
3517,6909,,
3516,6910,,
3520,6911,,
3522,6912,,
3521,6913,,
3524,6914,,
3526,6915,,
3530,6916,,
3529,6917,,
3531,6918,,
3528,6919,,
3533,6920,,
3532,6921,,
3535,6922,,
3536,6923,,
3537,6924,,
3538,6925,,
3539,6926,,
3541,6927,,
3542,6928,,
3543,6929,,
3544,6930,,
3548,6931,,
3545,6932,,
3546,6933,,
3550,6934,,
3549,6935,,
3552,6936,,
3553,6937,,
3554,6938,,
3556,6939,,
3555,6940,,
3559,6941,,
3560,6942,,
3562,6943,,
3563,6944,,
3564,6945,,
3565,6946,,
3567,6947,,
3569,6948,,
3571,6949,,
3572,6950,,
3573,6951,,
3574,6952,,
3575,6953,,
3576,6954,,
3577,6955,,
3578,6956,,
3580,6957,,
3579,6958,,
3583,6959,,
3585,6960,,
3586,6961,,
3587,6962,,
3589,6963,,
3588,6964,,
3592,211,,
3593,6965,,
3595,6966,,
3597,6967,,
3599,6968,,
3600,6969,,
3598,6970,,
3602,6971,,
3603,6972,,
3604,6973,,
3605,6974,,
3606,6975,,
3607,6976,,
3608,6977,,
3611,6978,,
3610,6979,,
3612,6980,,
3613,6981,,
3614,6982,,
3615,6983,,
3617,6984,,
3618,6985,,
3619,6986,,
3621,6987,,
3622,6988,,
3623,6989,,
3620,6990,,
3625,6991,,
3624,6992,,
3627,6993,,
3628,6994,,
3630,6995,,
3631,6996,,
3632,6997,,
3633,6998,,
3634,6999,,
3635,7000,,
3636,7001,,
3637,7002,,
3638,7003,,
3639,7004,,
3642,7005,,
3643,7006,,
3644,7007,,
3647,7008,,
3649,7009,,
3650,7010,,
3651,7011,,
3653,7012,,
3654,7013,,
3655,7014,,
3657,7015,,
3656,7016,,
3658,7017,,
3660,7018,,
3659,7019,,
3661,7020,,
3662,7021,,
3666,7022,,
3664,7023,,
3667,7024,,
3668,7025,,
3663,7026,,
3669,7027,,
3671,7028,,
3675,7029,,
3674,7030,,
3676,7031,,
3677,7032,,
3678,7033,,
3679,7034,,
3681,7035,,
3682,7036,,
3683,7037,,
3685,7038,,
3684,6847,,
3686,7039,,
3689,7040,,
3690,2955,,
3691,7041,,
3692,7042,,
3693,7043,,
3694,7044,,
3696,7045,,
3697,7046,,
3698,7047,,
3701,7048,,
3700,7049,,
3703,7050,,
3704,7051,,
3706,7052,,
3707,3668,,
3024,7053,,
3713,7054,,
3714,7055,,
3717,7056,,
3719,7057,,
3718,7058,,
3720,7059,,
3721,7060,,
3722,7061,,
3376,7062,,
3725,7063,,
3726,7064,,
3728,7065,,
3460,7066,,
3461,7067,,
3463,7068,,
3462,7069,,
3465,7070,,
3466,7071,,
3468,7072,,
3464,7073,,
3469,7074,,
3471,7075,,
3473,1962,,
3475,7076,,
3477,7077,,
3470,7078,,
3478,7079,,
3476,7027,,
3483,1040,,
3485,7080,,
3487,7081,,
3489,7082,,
3486,7083,,
3488,7084,,
3491,7085,,
3493,7086,,
3492,7087,,
3494,7088,,
3495,7089,,
3504,7090,,
3505,7091,,
3507,7092,,
3509,7093,,
3512,7094,,
1503,7095,,
3511,7096,,
3514,7097,,
3522,7098,,
3530,7099,,
3528,5592,,
3533,7100,,
3531,7101,,
3534,7102,,
3536,7103,,
3537,7104,,
3539,7105,,
3543,7106,,
3544,7107,,
3548,7108,,
3547,7109,,
3545,7110,,
3546,7111,,
3549,7112,,
3551,7113,,
3554,7114,,
3556,7115,,
3559,7116,,
3557,7117,,
3562,3139,,
3563,7118,,
3561,7119,,
3565,7120,,
3567,7121,,
3568,7122,,
3569,7123,,
3570,7124,,
3572,7125,,
3571,7126,,
3574,7127,,
3575,7128,,
3576,7129,,
3578,7130,,
3580,7131,,
3579,7132,,
3582,7133,,
3583,7134,,
3585,7135,,
3587,7136,,
3584,7137,,
3589,7138,,
3588,7139,,
3590,7140,,
3592,7141,,
3595,7142,,
3594,7143,,
3860,7144,,
3861,7145,,
3862,7146,,
3863,7147,,
3864,7148,,
3865,7149,,
3866,7150,,
3867,7151,,
3868,7152,,
3869,7153,,
3870,7154,,
3871,7155,,
3872,7156,,
3873,7157,,
3874,7158,,
3875,7159,,
3876,7160,,
3877,7161,,
3878,7162,,
3879,7163,,
3880,7164,,
3881,7165,,
3882,7166,,
3883,7167,,
3884,7168,,
3885,7145,,
3886,7169,,
3887,7160,,
3888,7170,,
3889,7171,,
3890,7172,,
3891,7173,,
3892,7174,,
3893,7175,,
3894,7176,,
3895,7177,,
3896,7178,,
3897,7179,,
3898,2426,,
3899,7180,,
3900,7181,,
3901,7182,,
3902,7183,,
3903,7184,,
3904,7160,,
3905,7185,,
3906,7186,,
3907,7187,,
3908,7188,,
3909,7189,,
3910,7190,,
3911,7191,,
3912,7192,,
3913,7193,,
3914,7194,,
3915,7195,,
3916,7196,,
3917,7197,,
3918,7198,,
3919,7199,,
3920,7200,,
3921,7201,,
3922,7202,,
3923,7203,,
3924,7204,,
3925,7205,,
3926,7206,,
3927,7207,,
3928,7208,,
3929,7209,,
3930,7210,,
3931,7211,,
3932,7212,,
3933,7213,,
3934,7214,,
3935,7215,,
3936,7216,,
3937,7217,,
3938,7218,,
3939,7219,,
3940,7220,,
3941,3478,,
3942,7221,,
3943,7222,,
3944,7223,,
3945,7224,,
3946,7225,,
3947,7226,,
3948,2758,,
3949,7227,,
3950,7228,,
3951,7160,,
3952,7229,,
3953,7230,,
3954,7231,,
3955,7232,,
3956,7233,,
3957,7234,,
3958,7235,,
3959,7236,,
3960,7237,,
3961,7238,,
3962,7239,,
3963,7240,,
3964,7241,,
3965,7242,,
3966,7243,,
3967,7244,,
3968,7245,,
3969,7246,,
3970,7247,,
3971,7248,,
3972,7249,,
3973,7250,,
3974,7251,,
3975,7252,,
3976,7253,,
3977,7254,,
3978,7255,,
3979,7256,,
3980,7257,,
3981,7258,,
3982,7259,,
3983,7260,,
3984,7261,,
3985,7262,,
3986,7263,,
3987,7264,,
3988,7265,,
3989,7266,,
3990,7267,,
3991,7268,,
3992,7269,,
3993,7270,,
3994,7271,,
3995,7272,,
3996,7273,,
3997,7274,,
3998,7275,,
3999,7276,,
4000,7277,,
4001,7278,,
4002,7279,,
4003,7280,,
4004,7281,,
4005,7282,,
4006,7283,,
4007,7284,,
4008,7285,,
4009,7286,,
4010,7287,,
4011,7288,,
4012,7145,,
4013,7289,,
4014,7290,,
4015,7291,,
3860,7292,,
3861,7293,,
3863,7294,,
3862,7295,,
3865,7296,,
3866,7160,,
3868,7297,,
3871,7298,,
3872,7299,,
3873,3345,,
3874,7300,,
3875,7301,,
3876,7302,,
3877,7303,,
3878,7304,,
3879,7305,,
3881,7306,,
3882,1098,,
3883,7307,,
3884,7308,,
3885,7309,,
3886,7310,,
3888,7311,,
3889,7312,,
3891,7313,,
3892,7314,,
3894,7315,,
3896,7316,,
3898,7317,,
3897,7318,,
3900,7319,,
3901,7080,,
3902,7320,,
3905,7321,,
3788,7322,,
3908,7323,,
3909,7324,,
3911,7325,,
3913,7326,,
3914,7327,,
3915,7328,,
3916,7329,,
3917,6999,,
3918,7330,,
3920,3716,,
3922,7331,,
3923,7332,,
3924,7333,,
3925,7334,,
3926,7335,,
3929,7336,,
3928,7337,,
3930,7338,,
3934,7339,,
3933,7340,,
3935,7341,,
3936,7342,,
3937,7343,,
3938,7344,,
3939,7345,,
3940,7346,,
3941,7347,,
3942,7348,,
3943,7349,,
3945,7350,,
3946,7351,,
3947,7352,,
3948,7353,,
3949,7354,,
3950,7355,,
3951,7356,,
3952,7357,,
3953,7358,,
3954,7359,,
3955,7360,,
3956,7361,,
3958,7362,,
3960,7363,,
3962,7364,,
3963,7365,,
3964,7366,,
3965,7367,,
3966,7368,,
3967,7369,,
3860,7370,,
3863,7371,,
3864,7372,,
3862,7373,,
3866,7374,,
3868,7375,,
3872,7376,,
3869,7377,,
3873,7378,,
3874,7379,,
3875,7380,,
3876,7201,,
3877,7381,,
3878,7382,,
3879,7383,,
3881,7384,,
3882,7385,,
3883,7386,,
3884,7387,,
3886,7388,,
3888,7389,,
3889,7390,,
3891,7391,,
3892,7392,,
3894,7393,,
3898,7394,,
3897,7395,,
3660,7396,,
3899,7397,,
3900,7398,,
3901,7399,,
3902,1393,,
3905,7400,,
3788,3330,,
3909,7401,,
3911,7402,,
3913,7403,,
3912,7404,,
3914,7405,,
